-- phpMyAdmin SQL Dump
-- version 4.9.5deb2
-- https://www.phpmyadmin.net/
--
-- Host: localhost:3306
-- Generation Time: Jan 31, 2023 at 12:27 PM
-- Server version: 8.0.31-0ubuntu0.20.04.2
-- PHP Version: 7.2.34-36+ubuntu20.04.1+deb.sury.org+1

SET SQL_MODE = "NO_AUTO_VALUE_ON_ZERO";
SET AUTOCOMMIT = 0;
START TRANSACTION;
SET time_zone = "+00:00";


/*!40101 SET @OLD_CHARACTER_SET_CLIENT=@@CHARACTER_SET_CLIENT */;
/*!40101 SET @OLD_CHARACTER_SET_RESULTS=@@CHARACTER_SET_RESULTS */;
/*!40101 SET @OLD_COLLATION_CONNECTION=@@COLLATION_CONNECTION */;
/*!40101 SET NAMES utf8mb4 */;

--
-- Database: `small_project`
--

-- --------------------------------------------------------

--
-- Table structure for table `failed_jobs`
--

CREATE TABLE `failed_jobs` (
  `id` bigint UNSIGNED NOT NULL,
  `connection` text COLLATE utf8mb4_unicode_ci NOT NULL,
  `queue` text COLLATE utf8mb4_unicode_ci NOT NULL,
  `payload` longtext COLLATE utf8mb4_unicode_ci NOT NULL,
  `exception` longtext COLLATE utf8mb4_unicode_ci NOT NULL,
  `failed_at` timestamp NOT NULL DEFAULT CURRENT_TIMESTAMP
) ENGINE=InnoDB DEFAULT CHARSET=utf8mb4 COLLATE=utf8mb4_unicode_ci;

-- --------------------------------------------------------

--
-- Table structure for table `migrations`
--

CREATE TABLE `migrations` (
  `id` int UNSIGNED NOT NULL,
  `migration` varchar(255) COLLATE utf8mb4_unicode_ci NOT NULL,
  `batch` int NOT NULL
) ENGINE=InnoDB DEFAULT CHARSET=utf8mb4 COLLATE=utf8mb4_unicode_ci;

--
-- Dumping data for table `migrations`
--

INSERT INTO `migrations` (`id`, `migration`, `batch`) VALUES
(46, '2014_10_12_000000_create_users_table', 1),
(47, '2014_10_12_100000_create_password_resets_table', 1),
(48, '2019_08_19_000000_create_failed_jobs_table', 1),
(49, '2023_01_18_162453_create_posts_table', 1),
(50, '2023_01_23_124223_create_permissions_table', 1),
(51, '2023_01_23_124243_create_roles_table', 1),
(52, '2023_01_23_124844_create_users_permissions_table', 1),
(53, '2023_01_23_124959_create_users_roles_table', 1),
(54, '2023_01_23_125127_create_roles_permissions_table', 1);

-- --------------------------------------------------------

--
-- Table structure for table `password_resets`
--

CREATE TABLE `password_resets` (
  `email` varchar(255) COLLATE utf8mb4_unicode_ci NOT NULL,
  `token` varchar(255) COLLATE utf8mb4_unicode_ci NOT NULL,
  `created_at` timestamp NULL DEFAULT NULL
) ENGINE=InnoDB DEFAULT CHARSET=utf8mb4 COLLATE=utf8mb4_unicode_ci;

-- --------------------------------------------------------

--
-- Table structure for table `permissions`
--

CREATE TABLE `permissions` (
  `id` bigint UNSIGNED NOT NULL,
  `name` varchar(255) COLLATE utf8mb4_unicode_ci NOT NULL,
  `slug` varchar(255) COLLATE utf8mb4_unicode_ci NOT NULL,
  `created_at` timestamp NULL DEFAULT NULL,
  `updated_at` timestamp NULL DEFAULT NULL
) ENGINE=InnoDB DEFAULT CHARSET=utf8mb4 COLLATE=utf8mb4_unicode_ci;

--
-- Dumping data for table `permissions`
--

INSERT INTO `permissions` (`id`, `name`, `slug`, `created_at`, `updated_at`) VALUES
(1, 'View Dashboard', 'view-dashboard', '2023-01-27 05:05:53', '2023-01-27 05:05:53'),
(2, 'View super dashboard', 'view-super-dashboard', '2023-01-31 06:45:11', '2023-01-31 06:45:11');

-- --------------------------------------------------------

--
-- Table structure for table `permission_role`
--

CREATE TABLE `permission_role` (
  `permission_id` bigint UNSIGNED NOT NULL,
  `role_id` bigint UNSIGNED NOT NULL,
  `created_at` timestamp NULL DEFAULT NULL,
  `updated_at` timestamp NULL DEFAULT NULL
) ENGINE=InnoDB DEFAULT CHARSET=utf8mb4 COLLATE=utf8mb4_unicode_ci;

--
-- Dumping data for table `permission_role`
--

INSERT INTO `permission_role` (`permission_id`, `role_id`, `created_at`, `updated_at`) VALUES
(1, 1, NULL, NULL);

-- --------------------------------------------------------

--
-- Table structure for table `permission_user`
--

CREATE TABLE `permission_user` (
  `user_id` bigint UNSIGNED NOT NULL,
  `permission_id` bigint UNSIGNED NOT NULL,
  `created_at` timestamp NULL DEFAULT NULL,
  `updated_at` timestamp NULL DEFAULT NULL
) ENGINE=InnoDB DEFAULT CHARSET=utf8mb4 COLLATE=utf8mb4_unicode_ci;

-- --------------------------------------------------------

--
-- Table structure for table `posts`
--

CREATE TABLE `posts` (
  `id` bigint UNSIGNED NOT NULL,
  `user_id` bigint UNSIGNED NOT NULL,
  `title` varchar(255) COLLATE utf8mb4_unicode_ci NOT NULL,
  `post_image` text COLLATE utf8mb4_unicode_ci NOT NULL,
  `body` text COLLATE utf8mb4_unicode_ci NOT NULL,
  `created_at` timestamp NULL DEFAULT NULL,
  `updated_at` timestamp NULL DEFAULT NULL
) ENGINE=InnoDB DEFAULT CHARSET=utf8mb4 COLLATE=utf8mb4_unicode_ci;

--
-- Dumping data for table `posts`
--

INSERT INTO `posts` (`id`, `user_id`, `title`, `post_image`, `body`, `created_at`, `updated_at`) VALUES
(1, 4, 'Nihil ducimus tenetur ut minus velit aut et.', 'https://via.placeholder.com/900x300.png/0022dd?text=quasi', 'Qui perferendis asperiores autem perspiciatis id. Eveniet iste et et excepturi. Fugit molestias temporibus in iusto explicabo. Repellat dignissimos minima unde iste laudantium et adipisci in.', '2023-01-25 08:26:18', '2023-01-25 08:26:18'),
(2, 5, 'Odio odio sed laboriosam aspernatur culpa quaerat autem.', 'https://via.placeholder.com/900x300.png/00ff22?text=asperiores', 'Tempore aspernatur cupiditate ipsam optio rerum nesciunt. Dolor fuga impedit omnis omnis est. Aut incidunt facilis sint rerum placeat similique. Quia et animi sed voluptatum nulla. Et qui accusantium dignissimos explicabo.', '2023-01-25 08:26:19', '2023-01-25 08:26:19'),
(3, 6, 'Ab et libero eum architecto dolorem dolorem necessitatibus.', 'https://via.placeholder.com/900x300.png/0055cc?text=recusandae', 'Quos quas nihil facilis expedita nemo corporis qui. Debitis ad optio cumque necessitatibus cum consequatur. Nostrum quia ut asperiores sapiente.', '2023-01-25 08:26:19', '2023-01-25 08:26:19'),
(4, 7, 'Temporibus maxime voluptatem odit libero ipsa sint.', 'https://via.placeholder.com/900x300.png/00dddd?text=quis', 'Quis dolores ex perferendis maiores consequatur. Iste perspiciatis asperiores sed dicta totam. Magnam libero cum eius quisquam nemo doloremque qui placeat. Voluptatibus quisquam fugiat quisquam eveniet saepe.', '2023-01-25 08:26:19', '2023-01-25 08:26:19'),
(5, 8, 'Doloremque numquam est consequatur voluptatem dolore.', 'https://via.placeholder.com/900x300.png/00eecc?text=et', 'Consequatur cupiditate vel rerum blanditiis officiis. Ea aut sunt quo architecto adipisci quae.', '2023-01-25 08:26:19', '2023-01-25 08:26:19'),
(6, 9, 'Velit culpa eligendi officiis doloremque.', 'https://via.placeholder.com/900x300.png/00cc44?text=laudantium', 'Voluptatem aut beatae aperiam ut laborum cupiditate. Quod quo dolorem atque aut dolorem illo. Quibusdam fugiat rerum sit rerum magni aut nisi.', '2023-01-25 08:26:19', '2023-01-25 08:26:19'),
(8, 11, 'Possimus est culpa repudiandae rerum dignissimos deleniti.', 'https://via.placeholder.com/900x300.png/00cc88?text=ut', 'Consequuntur sapiente ea placeat et quisquam commodi et. Quam qui nesciunt quod perferendis sunt. Doloribus eos id impedit quasi velit aut.', '2023-01-25 08:26:19', '2023-01-25 08:26:19'),
(9, 12, 'Facere dolorum qui accusamus corporis voluptas totam laudantium.', 'https://via.placeholder.com/900x300.png/008811?text=aperiam', 'Asperiores qui tempora rerum fugiat. Fugiat omnis numquam ea iste eaque. Vel iusto quam eligendi ratione odio.', '2023-01-25 08:26:19', '2023-01-25 08:26:19'),
(10, 13, 'Doloribus optio et quisquam iusto cumque odio maxime minus.', 'https://via.placeholder.com/900x300.png/008800?text=rerum', 'Ipsam vel a sunt ad et. Adipisci sequi ipsum consequatur dolor eveniet. Dolores similique culpa labore velit nostrum consequuntur unde.', '2023-01-25 08:26:19', '2023-01-25 08:26:19'),
(11, 14, 'Qui repellendus quis deleniti.', 'https://via.placeholder.com/900x300.png/008833?text=praesentium', 'Explicabo eos occaecati cupiditate ut non inventore. Perspiciatis repellendus consequatur hic corporis sint pariatur aspernatur. Tenetur blanditiis et sunt temporibus. Consectetur omnis qui reprehenderit qui quod.', '2023-01-25 08:26:19', '2023-01-25 08:26:19'),
(12, 15, 'Voluptatem a sit animi ipsam autem explicabo.', 'https://via.placeholder.com/900x300.png/0011ff?text=laudantium', 'Facilis est facilis porro quis praesentium. Autem rem eaque et. Et quibusdam et sint eveniet vel. Non ut laudantium repudiandae voluptatibus.', '2023-01-25 08:26:19', '2023-01-25 08:26:19'),
(13, 16, 'Asperiores inventore occaecati est ducimus libero nostrum quia.', 'https://via.placeholder.com/900x300.png/009933?text=ut', 'Repudiandae saepe pariatur consequatur cupiditate exercitationem ut ipsa. Impedit ut qui id autem nesciunt. Est vitae amet quia rerum deserunt placeat porro.', '2023-01-25 08:26:20', '2023-01-25 08:26:20'),
(14, 17, 'Maiores tempore nostrum ducimus illo consequuntur qui enim.', 'https://via.placeholder.com/900x300.png/00bbaa?text=omnis', 'Eum distinctio rerum reiciendis atque et dicta sit. Illum autem hic eum dolorem doloribus. Ipsam quam et et nesciunt enim.', '2023-01-25 08:26:20', '2023-01-25 08:26:20'),
(15, 18, 'Delectus voluptas nesciunt culpa.', 'https://via.placeholder.com/900x300.png/0088bb?text=iste', 'Et nesciunt rem saepe. Enim et magni eum in velit consequatur.', '2023-01-25 08:26:20', '2023-01-25 08:26:20'),
(16, 19, 'Officiis aspernatur consequatur perspiciatis.', 'https://via.placeholder.com/900x300.png/000077?text=ut', 'Ut quo maiores optio pariatur dolores dolorum tenetur. Eligendi aut quibusdam id optio a repudiandae error. Nisi molestiae sed dicta. Praesentium blanditiis assumenda veniam voluptas ipsam quod odit assumenda.', '2023-01-25 08:26:20', '2023-01-25 08:26:20'),
(17, 20, 'Neque possimus libero delectus.', 'https://via.placeholder.com/900x300.png/000022?text=ut', 'Quam velit numquam sit. Culpa dolor eligendi similique. Quibusdam expedita voluptatem facilis dolorem facere.', '2023-01-25 08:26:20', '2023-01-25 08:26:20'),
(18, 21, 'Unde nisi maxime voluptatem voluptas.', 'https://via.placeholder.com/900x300.png/005522?text=in', 'Sequi est unde rerum autem et. Quaerat voluptates voluptatem sit dolore ut. Consectetur dolorem excepturi possimus dolores. Vitae modi eos voluptatibus suscipit magni aliquam ut ullam.', '2023-01-25 08:26:20', '2023-01-25 08:26:20'),
(19, 22, 'Aut debitis libero tenetur nihil.', 'https://via.placeholder.com/900x300.png/00ee11?text=sint', 'Aut enim architecto molestiae quibusdam. Nihil ut ex sint et autem neque architecto non. Ipsam aut eaque voluptate debitis. Commodi praesentium rem sint aut sit a iure.', '2023-01-25 08:26:20', '2023-01-25 08:26:20'),
(20, 23, 'Nemo non eius blanditiis et rem.', 'https://via.placeholder.com/900x300.png/00dd77?text=voluptatibus', 'Amet inventore ut ex natus facere tempore. Laboriosam minus nam deserunt quis officiis.', '2023-01-25 08:26:20', '2023-01-25 08:26:20'),
(21, 24, 'Explicabo autem aut reiciendis molestiae nemo voluptate libero.', 'https://via.placeholder.com/900x300.png/0000ff?text=ipsam', 'Rerum sequi nobis iusto porro incidunt sint enim. Omnis vitae aliquid itaque tenetur omnis culpa commodi.', '2023-01-25 08:26:20', '2023-01-25 08:26:20'),
(22, 25, 'Qui delectus magni perspiciatis doloremque et omnis sint.', 'https://via.placeholder.com/900x300.png/001144?text=totam', 'Placeat cupiditate aliquid quasi. Repellat ipsa est dolorem repellat. Magnam sint vel reiciendis expedita. Impedit esse nulla corrupti quisquam voluptatem. Eligendi tempore error nihil facilis beatae provident eum pariatur.', '2023-01-25 08:26:20', '2023-01-25 08:26:20'),
(23, 26, 'Sunt nisi sunt culpa repudiandae numquam eos.', 'https://via.placeholder.com/900x300.png/008899?text=aperiam', 'Autem ut maiores enim temporibus. Possimus ea autem illo corporis dicta architecto. Nam voluptatum sunt ea saepe debitis.', '2023-01-25 08:26:20', '2023-01-25 08:26:20'),
(24, 27, 'Repellat libero ex rem odit tempora expedita rerum.', 'https://via.placeholder.com/900x300.png/002244?text=et', 'Saepe quis aut corrupti asperiores vitae. Numquam eos rerum voluptas dolore ut. Odit fugit autem veniam et reprehenderit. Quis in sint aspernatur consequatur expedita.', '2023-01-25 08:26:20', '2023-01-25 08:26:20'),
(25, 28, 'Omnis aut a qui provident.', 'https://via.placeholder.com/900x300.png/00bb77?text=minima', 'Fuga nihil praesentium rerum quia saepe enim quas. Fuga rerum repellendus delectus et voluptatibus. Provident optio est et quas deleniti omnis. In ad minus qui tempora animi.', '2023-01-25 08:26:21', '2023-01-25 08:26:21'),
(26, 29, 'Laudantium est quia similique optio ut accusamus.', 'https://via.placeholder.com/900x300.png/00bbdd?text=excepturi', 'Corporis eaque quo alias voluptatem recusandae. Rem sit odit inventore adipisci voluptate molestias iusto in. Ipsa vel rerum quis. Dolores nisi voluptatum consequatur veritatis voluptatum.', '2023-01-25 08:26:21', '2023-01-25 08:26:21'),
(27, 30, 'Eos et voluptas quasi nihil voluptas laborum.', 'https://via.placeholder.com/900x300.png/005577?text=architecto', 'Possimus distinctio tempora quasi deleniti exercitationem aut. Consequuntur aliquid et repudiandae voluptate fugiat voluptas architecto facere. Delectus animi aut aliquam possimus placeat dolores. Laudantium ut non quod non voluptates magni enim magni.', '2023-01-25 08:26:21', '2023-01-25 08:26:21'),
(28, 31, 'Eveniet explicabo quod dolores at natus ut.', 'https://via.placeholder.com/900x300.png/0000ff?text=harum', 'Quia et et animi veniam officiis. Est enim qui dolorum quaerat pariatur ut libero explicabo. In maiores cumque et veniam nihil reprehenderit voluptatem eius. Veniam voluptatum quod velit non inventore.', '2023-01-25 08:26:21', '2023-01-25 08:26:21'),
(29, 32, 'Nam exercitationem rerum magni possimus sequi et.', 'https://via.placeholder.com/900x300.png/00ee33?text=eos', 'Commodi eius facere nihil libero. Excepturi blanditiis omnis beatae dolorem. Adipisci officiis similique vel enim. Nobis aut nihil aut quisquam dolor dolorum.', '2023-01-25 08:26:21', '2023-01-25 08:26:21'),
(30, 33, 'Fuga corporis quos laudantium ut.', 'https://via.placeholder.com/900x300.png/002233?text=quae', 'Quia fugiat quis porro qui in eaque magni. Minus vel et in labore labore voluptatem. Molestiae itaque veritatis sed asperiores laboriosam. Saepe voluptatem architecto explicabo et.', '2023-01-25 08:26:21', '2023-01-25 08:26:21'),
(31, 34, 'Saepe voluptatum esse hic et non doloremque.', 'https://via.placeholder.com/900x300.png/007799?text=sint', 'Sequi nemo blanditiis nihil architecto velit ab. Mollitia iusto odio impedit sunt voluptas et et. Aut aliquid eveniet repellendus necessitatibus qui. Id sed totam accusantium ut.', '2023-01-25 08:26:21', '2023-01-25 08:26:21'),
(32, 35, 'Magni facilis ipsum sequi tenetur sunt.', 'https://via.placeholder.com/900x300.png/00aa33?text=qui', 'Fugit minus cupiditate et omnis voluptas error. Necessitatibus ea accusantium minima nulla quam sunt sed cupiditate.', '2023-01-25 08:26:21', '2023-01-25 08:26:21'),
(33, 36, 'Fuga voluptate quae dolores rerum.', 'https://via.placeholder.com/900x300.png/00aa66?text=explicabo', 'Itaque aut minus blanditiis eius vel. In voluptatum sunt nihil et. Ut omnis iure dicta ratione blanditiis debitis. Aliquid qui occaecati quos mollitia ut quasi.', '2023-01-25 08:26:21', '2023-01-25 08:26:21'),
(34, 37, 'Impedit ea eligendi ex cum.', 'https://via.placeholder.com/900x300.png/0044aa?text=dicta', 'Rerum eum et dolor ducimus libero quam. Enim aspernatur ut unde temporibus. Id ipsum incidunt eaque nemo.', '2023-01-25 08:26:21', '2023-01-25 08:26:21'),
(35, 38, 'Exercitationem natus eos ullam voluptatem.', 'https://via.placeholder.com/900x300.png/000088?text=iusto', 'Ea aut sit qui deleniti aut soluta. Et qui nihil praesentium aut id tempora. Sunt voluptatem quam dolorem et officia maxime et ipsam. Voluptas omnis eos officia velit hic est.', '2023-01-25 08:26:21', '2023-01-25 08:26:21'),
(36, 39, 'Qui quasi fuga aut voluptas placeat.', 'https://via.placeholder.com/900x300.png/0088cc?text=quisquam', 'Officiis quis hic iste provident et quasi explicabo. Eius nisi odio placeat qui et voluptate rerum soluta. Animi ut nam explicabo et possimus quia adipisci.', '2023-01-25 08:26:21', '2023-01-25 08:26:21'),
(37, 40, 'Aut non sint et atque quia laboriosam.', 'https://via.placeholder.com/900x300.png/008866?text=iure', 'Eum corrupti aut dignissimos eaque. Ratione unde blanditiis cum ipsam molestiae rem quas. Et laudantium dolores et odio dolore.', '2023-01-25 08:26:22', '2023-01-25 08:26:22'),
(38, 41, 'Temporibus voluptas porro nesciunt voluptas magnam sit.', 'https://via.placeholder.com/900x300.png/000055?text=earum', 'Ducimus veritatis fugiat incidunt dolorum aut. Tenetur rerum debitis voluptas harum delectus nisi. Autem nemo et ratione eius culpa.', '2023-01-25 08:26:22', '2023-01-25 08:26:22'),
(39, 42, 'Sunt harum odit placeat quia quia.', 'https://via.placeholder.com/900x300.png/0011ff?text=voluptatem', 'Blanditiis error culpa consequuntur molestiae et quia pariatur. Omnis nulla cupiditate itaque voluptas explicabo amet eos.', '2023-01-25 08:26:22', '2023-01-25 08:26:22'),
(40, 43, 'Corporis ut odit itaque architecto.', 'https://via.placeholder.com/900x300.png/00eecc?text=quos', 'Omnis nostrum voluptas laudantium sunt fugiat vitae quia. Officiis in consequuntur magnam perspiciatis incidunt molestiae. Quidem minima natus debitis adipisci voluptatibus rerum. Voluptatem nam a quia et eius.', '2023-01-25 08:26:22', '2023-01-25 08:26:22'),
(41, 44, 'Aut labore qui eaque dolorem.', 'https://via.placeholder.com/900x300.png/0044bb?text=illum', 'Perferendis molestiae repudiandae et quae non eaque molestias. Rem mollitia rem vero sapiente. Assumenda impedit aut dicta. In deserunt repellat suscipit pariatur ipsam atque praesentium.', '2023-01-25 08:26:22', '2023-01-25 08:26:22'),
(42, 45, 'Labore velit consectetur nostrum a et.', 'https://via.placeholder.com/900x300.png/006633?text=voluptas', 'Perspiciatis nihil earum optio animi. Repellat eum nobis quia totam voluptatum ipsum. Qui recusandae sequi sapiente mollitia totam ullam et. Esse ut incidunt autem rem.', '2023-01-25 08:26:22', '2023-01-25 08:26:22'),
(43, 46, 'Occaecati rem quo omnis iure totam omnis.', 'https://via.placeholder.com/900x300.png/0011ee?text=corporis', 'Illum ipsum ut et sit vero ut. Enim blanditiis optio maiores error a. Sint repellat qui optio necessitatibus non illum aspernatur. Ut officia vel quam accusantium harum enim.', '2023-01-25 08:26:22', '2023-01-25 08:26:22'),
(44, 47, 'Voluptates aspernatur qui doloremque iure in fugit.', 'https://via.placeholder.com/900x300.png/0066ff?text=aliquam', 'Unde minus sint quas aut itaque fugiat neque aut. Qui inventore facilis optio inventore et occaecati dicta. Debitis architecto odio quo illo ipsum velit et. Voluptatibus neque ducimus ex ea.', '2023-01-25 08:26:22', '2023-01-25 08:26:22'),
(45, 48, 'Libero vel nam atque esse consectetur.', 'https://via.placeholder.com/900x300.png/00ee88?text=libero', 'Nobis necessitatibus ut dolorem in doloribus vero non. Quo voluptas voluptatem sed nulla. Aut natus praesentium est. Iure aliquam enim et in.', '2023-01-25 08:26:22', '2023-01-25 08:26:22'),
(46, 49, 'Ipsam et aut magni iusto aut.', 'https://via.placeholder.com/900x300.png/002266?text=in', 'Incidunt quos in eos sed quia sed labore sapiente. Voluptatibus qui deleniti aspernatur beatae. A excepturi itaque assumenda quia dolorem harum. Consectetur repellat accusamus rerum fugit deserunt alias.', '2023-01-25 08:26:22', '2023-01-25 08:26:22'),
(47, 50, 'Odio voluptatem dolor voluptatum consequatur veritatis recusandae.', 'https://via.placeholder.com/900x300.png/009955?text=est', 'Ut sed consequuntur aut. Ea tempora ipsum voluptatibus ab quia aperiam voluptate. Vel quasi quod natus tempore facilis et.', '2023-01-25 08:26:22', '2023-01-25 08:26:22'),
(48, 51, 'Totam tempore odio non velit earum ut.', 'https://via.placeholder.com/900x300.png/00dddd?text=ea', 'Dignissimos et molestiae aut voluptas quis. Commodi sequi provident nobis aut minus in. Autem consequuntur voluptatem aut omnis et aut. Mollitia laboriosam omnis minima provident qui animi eaque.', '2023-01-25 08:26:22', '2023-01-25 08:26:22'),
(49, 52, 'Consequatur sint et repellendus eum.', 'https://via.placeholder.com/900x300.png/000000?text=cumque', 'In corporis aut perspiciatis mollitia dolor. Nulla corporis totam voluptas quae rerum error eveniet. Ea reprehenderit itaque necessitatibus vero.', '2023-01-25 08:26:23', '2023-01-25 08:26:23'),
(50, 53, 'Dolorem hic quia delectus repudiandae amet.', 'https://via.placeholder.com/900x300.png/003333?text=esse', 'Nam aut quos consequatur quia quos. Non eum reiciendis qui aspernatur ducimus doloremque. Reiciendis similique beatae quam sapiente odit iusto et.', '2023-01-25 08:26:23', '2023-01-25 08:26:23'),
(51, 54, 'Nam saepe magnam enim ducimus perferendis illo deleniti sint.', 'https://via.placeholder.com/900x300.png/009900?text=quisquam', 'Doloremque voluptatem eos aspernatur aut est. Est dolores non voluptas necessitatibus quaerat saepe quisquam. Esse possimus est quisquam qui nostrum nam.', '2023-01-25 08:26:23', '2023-01-25 08:26:23'),
(52, 55, 'Consequuntur molestiae nesciunt quia soluta sapiente maxime qui delectus.', 'https://via.placeholder.com/900x300.png/007799?text=atque', 'Asperiores et et quo quo. Delectus et adipisci quas qui dolorum.', '2023-01-25 08:26:23', '2023-01-25 08:26:23'),
(53, 56, 'Dolores ut voluptatibus ipsam pariatur.', 'https://via.placeholder.com/900x300.png/006677?text=magnam', 'Deleniti pariatur cupiditate veniam molestiae doloremque dolor ea. Asperiores rerum provident nostrum consequatur. Natus ut id earum.', '2023-01-25 08:26:23', '2023-01-25 08:26:23'),
(54, 57, 'Modi similique eveniet aut deserunt est rerum magnam.', 'https://via.placeholder.com/900x300.png/000066?text=odio', 'Veniam aut natus a incidunt ducimus provident corrupti. Error voluptatem dolorem aspernatur molestias distinctio sunt dolorem sed. Molestiae sit inventore qui fugiat qui error sit. Voluptatibus minus aut et.', '2023-01-25 08:26:23', '2023-01-25 08:26:23'),
(55, 58, 'Voluptas quod maiores aperiam et explicabo.', 'https://via.placeholder.com/900x300.png/00ddee?text=sapiente', 'Nam sed dolorum at ut tempora. Quaerat voluptate et non. Minus nulla sunt qui voluptas ut accusamus explicabo. Aut aut inventore nihil voluptates cumque quisquam.', '2023-01-25 08:26:23', '2023-01-25 08:26:23'),
(56, 59, 'Temporibus architecto deleniti molestias ab omnis.', 'https://via.placeholder.com/900x300.png/00ee99?text=perspiciatis', 'Ea ex nisi perferendis nihil dolores consequatur sunt. Perspiciatis aut rerum rem voluptatem possimus tempore ut consequatur. Minus eveniet laudantium enim repellat voluptatem ipsam.', '2023-01-25 08:26:23', '2023-01-25 08:26:23'),
(57, 60, 'Cum totam esse ea et et et.', 'https://via.placeholder.com/900x300.png/001199?text=sit', 'Non magnam qui accusamus corrupti. Odio labore error ipsam repellendus magni. Vero veniam illo enim officia eaque sed blanditiis. Exercitationem fugit explicabo molestiae et neque.', '2023-01-25 08:26:23', '2023-01-25 08:26:23'),
(58, 61, 'Ab doloribus tempore tempora nisi.', 'https://via.placeholder.com/900x300.png/004411?text=ut', 'Consequatur vel in eum consectetur dolorem veritatis. Occaecati veritatis est quae magni. Minima qui qui libero dolorum.', '2023-01-25 08:26:23', '2023-01-25 08:26:23'),
(59, 62, 'Enim possimus doloribus eveniet neque nulla quisquam est voluptatum.', 'https://via.placeholder.com/900x300.png/0022aa?text=eos', 'Iusto ratione delectus ut corrupti eaque inventore. At eveniet repellendus qui quas reiciendis omnis sit officia. Et at nisi aut molestias. Non delectus a autem veritatis.', '2023-01-25 08:26:23', '2023-01-25 08:26:23'),
(60, 63, 'Aliquam rem quis ut error ex atque velit.', 'https://via.placeholder.com/900x300.png/0033dd?text=voluptatem', 'Ducimus nulla facere consequatur repellat est doloremque. Quis itaque dicta perspiciatis aut. Dolorem et et quaerat nostrum atque.', '2023-01-25 08:26:23', '2023-01-25 08:26:23'),
(61, 64, 'Iure in modi saepe praesentium quos consequatur.', 'https://via.placeholder.com/900x300.png/002277?text=doloremque', 'Consequatur temporibus alias itaque asperiores et. Ea eveniet sunt quo rerum voluptates. Nemo totam nihil ratione esse libero est.', '2023-01-25 08:26:24', '2023-01-25 08:26:24'),
(62, 65, 'Dolor architecto velit eos soluta dicta suscipit.', 'https://via.placeholder.com/900x300.png/00ee11?text=eum', 'Rerum molestias saepe est facilis. Eaque ipsam quae voluptatem libero aperiam. Et veniam et fugiat expedita alias. Veniam quia fuga aut assumenda doloremque.', '2023-01-25 08:26:24', '2023-01-25 08:26:24'),
(63, 66, 'Et quaerat sunt tempora distinctio.', 'https://via.placeholder.com/900x300.png/0000ee?text=quasi', 'Sint possimus similique possimus blanditiis. Et neque fugit corporis.', '2023-01-25 08:26:24', '2023-01-25 08:26:24'),
(64, 67, 'Amet quam dolores blanditiis cum ad.', 'https://via.placeholder.com/900x300.png/00aaaa?text=rerum', 'Officiis totam qui dolore eveniet. Ullam officiis vero voluptate ut. Recusandae ad repellat exercitationem eos voluptas consequatur eos. Unde non deserunt illum nisi maiores nam qui. Reiciendis ea nihil quibusdam sit nostrum aliquid reprehenderit modi.', '2023-01-25 08:26:24', '2023-01-25 08:26:24'),
(65, 68, 'Aut adipisci dolorum debitis doloribus.', 'https://via.placeholder.com/900x300.png/008866?text=eius', 'Sit qui inventore eveniet est perspiciatis totam. Voluptatum soluta deserunt nulla officiis. Deserunt cum recusandae voluptatibus adipisci natus.', '2023-01-25 08:26:24', '2023-01-25 08:26:24'),
(66, 69, 'Repellat inventore eos aut laudantium.', 'https://via.placeholder.com/900x300.png/00ff22?text=sit', 'In quia consequatur maxime ipsa libero. Ut autem quis illo itaque et. Assumenda non culpa accusamus modi fuga.', '2023-01-25 08:26:24', '2023-01-25 08:26:24'),
(67, 70, 'Aut dolore aut eos quam quibusdam quis.', 'https://via.placeholder.com/900x300.png/00aa99?text=dolor', 'Dicta consequuntur et numquam sed veniam. Ut reprehenderit placeat voluptas tenetur. Rerum et dolorem eos ducimus porro ut cum. Nulla voluptatem in assumenda ut deserunt.', '2023-01-25 08:26:24', '2023-01-25 08:26:24'),
(68, 71, 'Reprehenderit cupiditate dolore veniam.', 'https://via.placeholder.com/900x300.png/0000cc?text=cum', 'Ducimus in eveniet fuga ipsam. Culpa modi odit repellat dolorum. At temporibus eum et sunt veritatis autem sint. Velit eligendi omnis molestias est facilis quaerat tempore.', '2023-01-25 08:26:24', '2023-01-25 08:26:24'),
(69, 72, 'Repudiandae magnam optio illum delectus.', 'https://via.placeholder.com/900x300.png/0033dd?text=et', 'Asperiores dignissimos harum asperiores dignissimos omnis culpa est. Officiis ut quaerat ullam ex veritatis nemo aut. Aut voluptates dolorem nam temporibus sit. Vel corporis doloribus dignissimos voluptates quia.', '2023-01-25 08:26:24', '2023-01-25 08:26:24'),
(70, 73, 'Commodi earum voluptatem beatae enim deleniti suscipit ut.', 'https://via.placeholder.com/900x300.png/0066bb?text=facere', 'Nobis neque reiciendis soluta minima sed. Sed incidunt asperiores ea suscipit non reprehenderit. A sed doloremque incidunt dolorem nostrum. Voluptas et maxime at optio adipisci quod. Nesciunt repellendus optio quia esse aut dolorum velit qui.', '2023-01-25 08:26:24', '2023-01-25 08:26:24'),
(71, 74, 'Possimus et id qui quibusdam ut consequatur.', 'https://via.placeholder.com/900x300.png/000000?text=exercitationem', 'Vitae laborum iure aut pariatur ut veniam vel. Accusamus enim et laudantium beatae. Aut omnis nihil perspiciatis in sint facilis ipsum.', '2023-01-25 08:26:24', '2023-01-25 08:26:24'),
(72, 75, 'Eum explicabo ut at qui necessitatibus culpa.', 'https://via.placeholder.com/900x300.png/00bb66?text=praesentium', 'Quis a a atque aut mollitia autem soluta. Laborum aut repellat distinctio est. Enim nulla voluptatem voluptatem. Enim quia esse ut perferendis.', '2023-01-25 08:26:24', '2023-01-25 08:26:24'),
(73, 76, 'Quo ratione quisquam aut veniam hic.', 'https://via.placeholder.com/900x300.png/007744?text=consequuntur', 'Quos impedit aut libero consequuntur magnam dolor quo laboriosam. Aperiam dicta quis molestias non qui corrupti eos. Ad eum adipisci dolorem aliquam sit minus.', '2023-01-25 08:26:25', '2023-01-25 08:26:25'),
(74, 77, 'Aut modi ullam voluptatem earum necessitatibus quos odit qui.', 'https://via.placeholder.com/900x300.png/008899?text=ratione', 'Asperiores aut quidem dolor vero aut. Et voluptas eligendi facere. Eligendi in minima quaerat enim eveniet ut odit.', '2023-01-25 08:26:25', '2023-01-25 08:26:25'),
(75, 78, 'Non sit autem repudiandae eligendi consequatur exercitationem quibusdam exercitationem.', 'https://via.placeholder.com/900x300.png/002288?text=eum', 'Doloribus exercitationem dolorum quidem aut ut quam. Vel fugiat aperiam vel sunt sunt consequatur praesentium. Aut ut aut voluptas quos. Dolor quaerat quibusdam assumenda itaque. Autem in rerum et temporibus aperiam qui.', '2023-01-25 08:26:25', '2023-01-25 08:26:25'),
(76, 79, 'Voluptatibus et ipsam nesciunt corrupti sunt.', 'https://via.placeholder.com/900x300.png/0011dd?text=expedita', 'Voluptatem corporis in libero animi deleniti. Laborum placeat corporis quod quae rerum. Natus excepturi minus est nihil. Commodi eum asperiores aut sunt quas et.', '2023-01-25 08:26:25', '2023-01-25 08:26:25'),
(77, 80, 'Ut blanditiis perferendis eius veritatis rerum quae omnis.', 'https://via.placeholder.com/900x300.png/00aa11?text=ipsam', 'Magnam aut doloribus eveniet quia. Iste nobis et id nesciunt cupiditate. Commodi eaque natus omnis maiores.', '2023-01-25 08:26:25', '2023-01-25 08:26:25'),
(78, 81, 'Deleniti libero quo consectetur deleniti.', 'https://via.placeholder.com/900x300.png/00aaff?text=aut', 'Beatae expedita animi nam unde. Atque accusamus eum earum nam qui.', '2023-01-25 08:26:25', '2023-01-25 08:26:25'),
(79, 82, 'Ut labore blanditiis aut aut vel earum.', 'https://via.placeholder.com/900x300.png/00ffee?text=eligendi', 'Aut aut aperiam tenetur. Doloremque perferendis voluptatibus impedit vel. Omnis praesentium veniam voluptatem ea consectetur ea.', '2023-01-25 08:26:25', '2023-01-25 08:26:25'),
(80, 83, 'Ea accusantium temporibus architecto iusto magnam eaque fuga.', 'https://via.placeholder.com/900x300.png/003388?text=et', 'Veritatis aliquid aut quo ut autem. Consectetur eaque dolorum repellendus et. Consequatur in libero dolores pariatur. Saepe labore quibusdam magni qui.', '2023-01-25 08:26:25', '2023-01-25 08:26:25'),
(81, 84, 'Similique qui vitae soluta a omnis qui omnis quia.', 'https://via.placeholder.com/900x300.png/005511?text=dolorem', 'Doloremque eum alias inventore aliquid. Sed eius consequatur rerum. Nisi rerum consequatur rerum unde sunt minus et quisquam.', '2023-01-25 08:26:25', '2023-01-25 08:26:25'),
(82, 85, 'Cupiditate nam qui sed voluptatem qui aliquam soluta est.', 'https://via.placeholder.com/900x300.png/0000ff?text=quasi', 'Qui dolor voluptas voluptatem omnis molestiae modi. Libero tenetur distinctio necessitatibus quas amet a. Et dolor recusandae fugiat labore. Voluptatem id sit numquam perspiciatis sint aut.', '2023-01-25 08:26:25', '2023-01-25 08:26:25'),
(83, 86, 'Hic laboriosam necessitatibus facere aut qui rerum tempore.', 'https://via.placeholder.com/900x300.png/007766?text=nostrum', 'Unde veritatis qui ut eveniet omnis explicabo pariatur. Expedita quam eum et aspernatur ipsam accusantium ut nobis. Non voluptatem ducimus deleniti rerum nemo.', '2023-01-25 08:26:25', '2023-01-25 08:26:25'),
(84, 87, 'Eligendi et molestiae veritatis dolor harum veniam.', 'https://via.placeholder.com/900x300.png/007722?text=debitis', 'Sunt unde ab harum distinctio eius magni. Inventore ducimus fugiat molestiae ut sequi et asperiores. Repellat molestias non quia voluptates rerum repudiandae voluptatem omnis.', '2023-01-25 08:26:26', '2023-01-25 08:26:26'),
(85, 88, 'Qui debitis sequi nulla.', 'https://via.placeholder.com/900x300.png/004488?text=officia', 'Ipsam optio totam est assumenda officiis inventore. Aut numquam enim voluptatum est. Ipsum aut error quaerat molestiae sed facere dicta.', '2023-01-25 08:26:26', '2023-01-25 08:26:26'),
(86, 89, 'Qui perferendis aspernatur voluptatem incidunt facilis.', 'https://via.placeholder.com/900x300.png/0099aa?text=dolor', 'Voluptatum deleniti voluptatem dolores doloremque. In nisi quos porro et quae esse amet.', '2023-01-25 08:26:26', '2023-01-25 08:26:26'),
(87, 90, 'Alias provident ut qui numquam eos occaecati dolor aut.', 'https://via.placeholder.com/900x300.png/00bb77?text=ab', 'Est iusto velit officia sed. Id mollitia ratione qui illo. Error enim qui aut qui quia.', '2023-01-25 08:26:26', '2023-01-25 08:26:26'),
(88, 91, 'Ullam sequi tempora reiciendis.', 'https://via.placeholder.com/900x300.png/00ffcc?text=expedita', 'Qui accusamus debitis qui culpa itaque. Error dignissimos qui officiis sed doloribus odio fugit. Mollitia consequatur sit consectetur rerum in fugit. Et quos deleniti eaque soluta et id. Non quod quam sed.', '2023-01-25 08:26:26', '2023-01-25 08:26:26'),
(89, 92, 'Quidem distinctio soluta suscipit.', 'https://via.placeholder.com/900x300.png/00ee88?text=illum', 'Perferendis et ut omnis doloribus aut quae. Architecto sequi consequatur quis in ex. Quaerat officia in nostrum rerum odio.', '2023-01-25 08:26:26', '2023-01-25 08:26:26'),
(90, 93, 'Quisquam voluptatibus nisi occaecati nulla enim ipsum.', 'https://via.placeholder.com/900x300.png/00bb33?text=nihil', 'Porro enim at odio et asperiores. Porro corrupti non itaque libero voluptas consequatur eligendi repellendus. Inventore provident aut dolore. Cumque labore ipsum deleniti amet quis sapiente nisi.', '2023-01-25 08:26:26', '2023-01-25 08:26:26'),
(91, 94, 'Magni cum aut enim aut illum voluptate assumenda nostrum.', 'https://via.placeholder.com/900x300.png/00ccbb?text=adipisci', 'Non tempore ea perspiciatis voluptas eligendi. Omnis culpa similique et possimus similique. Qui nostrum vel vero explicabo necessitatibus. Dicta sit accusantium ipsa reiciendis.', '2023-01-25 08:26:26', '2023-01-25 08:26:26'),
(92, 95, 'Quisquam cumque debitis recusandae accusamus laboriosam.', 'https://via.placeholder.com/900x300.png/003344?text=voluptatem', 'Inventore commodi voluptate ut illo voluptatem fugit ut. Explicabo eum et aperiam fugit dolor. Sit architecto saepe voluptate sit temporibus quas.', '2023-01-25 08:26:26', '2023-01-25 08:26:26'),
(93, 96, 'Placeat minima occaecati nostrum saepe itaque.', 'https://via.placeholder.com/900x300.png/0099cc?text=tempore', 'Quibusdam magni minus natus distinctio mollitia vitae. Cum non nam consectetur accusamus voluptatibus. Aut alias dolores est architecto voluptatum magnam.', '2023-01-25 08:26:26', '2023-01-25 08:26:26'),
(94, 97, 'Distinctio esse id voluptas alias necessitatibus vero.', 'https://via.placeholder.com/900x300.png/00ffbb?text=doloribus', 'Quo sit sed nostrum quam. Itaque vel fuga doloremque qui autem occaecati. Delectus accusamus necessitatibus dolorem ad vel. Rem molestias voluptas minima quidem. Iusto ea et minus molestiae sequi et blanditiis alias.', '2023-01-25 08:26:26', '2023-01-25 08:26:26'),
(95, 98, 'Blanditiis dignissimos in in magni qui.', 'https://via.placeholder.com/900x300.png/0033bb?text=soluta', 'Accusantium et est et est. Ad consequatur quidem dolorem unde. Non hic voluptatem deserunt velit ea blanditiis.', '2023-01-25 08:26:26', '2023-01-25 08:26:26'),
(96, 99, 'Consequatur itaque rerum perferendis esse quae.', 'https://via.placeholder.com/900x300.png/005599?text=vel', 'Eveniet beatae aut ut deserunt qui. Qui eos molestiae quaerat ut quia qui.', '2023-01-25 08:26:27', '2023-01-25 08:26:27'),
(97, 100, 'Omnis debitis non id.', 'https://via.placeholder.com/900x300.png/0099dd?text=eum', 'Sapiente rerum accusamus aut aut dolore harum labore. Natus eos eaque sit inventore et temporibus quis error.', '2023-01-25 08:26:27', '2023-01-25 08:26:27'),
(98, 101, 'Quae voluptates explicabo perferendis et veniam repellat repellendus.', 'https://via.placeholder.com/900x300.png/0022ee?text=rerum', 'Quo et molestiae illum reprehenderit fugiat quo sed. Est qui earum et error vel suscipit quis. Quod unde sunt numquam voluptates minus nemo. Dolorem doloribus error quasi delectus.', '2023-01-25 08:26:27', '2023-01-25 08:26:27'),
(99, 102, 'Minima rerum consequuntur animi omnis nemo debitis.', 'https://via.placeholder.com/900x300.png/00bbee?text=dolorum', 'Quas incidunt numquam dolorem eum dolorum quia aut itaque. Reiciendis dolorem non et ut enim eveniet deserunt. Dignissimos illo quia dolorem dolorem nisi facilis.', '2023-01-25 08:26:27', '2023-01-25 08:26:27'),
(100, 103, 'Aut incidunt neque fugit ut optio itaque iusto.', 'https://via.placeholder.com/900x300.png/006655?text=dolores', 'Qui qui in in veritatis dolor. Voluptatem voluptatem excepturi non corrupti dicta. Totam aut qui vitae laboriosam nobis dicta cupiditate quidem.', '2023-01-25 08:26:27', '2023-01-25 08:26:27'),
(101, 1, 'My First Post', 'images/uzqc1PBx2A9j0tGMAFVAV3CT8Ah4AiUmtb1DKKby.png', 'First post is nice', '2023-01-27 12:40:54', '2023-01-27 12:40:54');

-- --------------------------------------------------------

--
-- Table structure for table `roles`
--

CREATE TABLE `roles` (
  `id` bigint UNSIGNED NOT NULL,
  `name` varchar(255) COLLATE utf8mb4_unicode_ci NOT NULL,
  `slug` varchar(255) COLLATE utf8mb4_unicode_ci NOT NULL,
  `created_at` timestamp NULL DEFAULT NULL,
  `updated_at` timestamp NULL DEFAULT NULL
) ENGINE=InnoDB DEFAULT CHARSET=utf8mb4 COLLATE=utf8mb4_unicode_ci;

--
-- Dumping data for table `roles`
--

INSERT INTO `roles` (`id`, `name`, `slug`, `created_at`, `updated_at`) VALUES
(1, 'Admin', 'admin', '2023-01-27 05:05:18', '2023-01-27 05:05:18'),
(2, 'Manager', 'manager', '2023-01-30 05:51:58', '2023-01-30 05:51:58'),
(3, 'Author', 'author', '2023-01-30 10:35:35', '2023-01-30 12:57:35'),
(4, 'Subscriber', 'subscriber', '2023-01-30 10:35:44', '2023-01-30 12:59:58'),
(5, 'Administrator', 'administrator', '2023-01-30 10:36:14', '2023-01-31 05:04:22');

-- --------------------------------------------------------

--
-- Table structure for table `role_user`
--

CREATE TABLE `role_user` (
  `user_id` bigint UNSIGNED NOT NULL,
  `role_id` bigint UNSIGNED NOT NULL,
  `created_at` timestamp NULL DEFAULT NULL,
  `updated_at` timestamp NULL DEFAULT NULL
) ENGINE=InnoDB DEFAULT CHARSET=utf8mb4 COLLATE=utf8mb4_unicode_ci;

--
-- Dumping data for table `role_user`
--

INSERT INTO `role_user` (`user_id`, `role_id`, `created_at`, `updated_at`) VALUES
(1, 1, NULL, NULL),
(6, 2, NULL, NULL);

-- --------------------------------------------------------

--
-- Table structure for table `users`
--

CREATE TABLE `users` (
  `id` bigint UNSIGNED NOT NULL,
  `username` varchar(255) COLLATE utf8mb4_unicode_ci NOT NULL,
  `name` varchar(255) COLLATE utf8mb4_unicode_ci NOT NULL,
  `avatar` text COLLATE utf8mb4_unicode_ci,
  `email` varchar(255) COLLATE utf8mb4_unicode_ci NOT NULL,
  `email_verified_at` timestamp NULL DEFAULT NULL,
  `password` varchar(255) COLLATE utf8mb4_unicode_ci NOT NULL,
  `remember_token` varchar(100) COLLATE utf8mb4_unicode_ci DEFAULT NULL,
  `created_at` timestamp NULL DEFAULT NULL,
  `updated_at` timestamp NULL DEFAULT NULL
) ENGINE=InnoDB DEFAULT CHARSET=utf8mb4 COLLATE=utf8mb4_unicode_ci;

--
-- Dumping data for table `users`
--

INSERT INTO `users` (`id`, `username`, `name`, `avatar`, `email`, `email_verified_at`, `password`, `remember_token`, `created_at`, `updated_at`) VALUES
(1, 'Admin123', 'Bhavesh soni', 'images/3QqbxKEiV1CYv30s1x3C2YIpXiobLLTAH7giR7xI.png', 'bhavesh123@gmail.com', NULL, '$2y$10$hSSKKIjx5QRmCdmEvCCOseMBBT3ySQaB71m/MDtVw3KadDo18XugK', 'xjmn6NM4xdbNYQnUvaKOE4Xt1PtRICXH7v87dsqrAqojwLbuu3SQbCMEeYzV', '2023-01-25 07:37:35', '2023-01-27 05:02:31'),
(2, 'user1234', 'user mera name', 'images/eaWJ0l7hfqwxiHankgdk16dY2BB5k4Q8vZsFhALQ.png', 'user@yopmail.com', NULL, '$2y$10$mrm8mpgOY.Q7CSA9JEpqLuqYjGSHdY2bDFxtoS4XQEIL/NDugRZGC', NULL, '2023-01-25 07:40:23', '2023-01-25 07:41:10'),
(3, 'user321', 'user sabka baap', 'images/EMDSS9Okf0QvJGOLpIxTxPIFsBzdQjPLsBt5phQi.png', 'user123@gmail.com', NULL, '$2y$10$pyDIQbRIk2flWMVjwdruU.oy9M1lLtEq9ZJ7LkpHIewdrCvWl6PA6', NULL, '2023-01-25 07:47:18', '2023-01-25 07:52:19'),
(4, 'maynard69', 'Trace Batz', 'https://via.placeholder.com/400x400.png/0044cc?text=sunt', 'nsmitham@example.org', '2023-01-25 08:26:11', '$2y$10$u0b3M2173qVDnskB2p0XwuiPJZ8OYILseY/3m3wX.2GN1eMDqlbYC', 'Cxu5raMbeL', '2023-01-25 08:26:18', '2023-01-25 08:26:18'),
(5, 'beaulah43', 'Omari Leffler', 'https://via.placeholder.com/400x400.png/00cc44?text=doloremque', 'marjorie.rosenbaum@example.com', '2023-01-25 08:26:11', '$2y$10$nxqM0mh5ZtbSUiLlG/2cDuwIn4qY.2CktPNM4HsNxFJp/cMS.h96q', '5ZtnFzObGn', '2023-01-25 08:26:18', '2023-01-25 08:26:18'),
(6, 'elegros', 'Tyson Mueller', 'https://via.placeholder.com/400x400.png/00eedd?text=magni', 'wgreenholt@example.org', '2023-01-25 08:26:11', '$2y$10$vZE.84912c99WWcwl2uIQevL4mmu1tDhhaVbbX/L4W0l24C4HfmSO', 'vB9mwxNx23', '2023-01-25 08:26:18', '2023-01-25 08:26:18'),
(7, 'sven.schuster', 'Harvey Borer', 'https://via.placeholder.com/400x400.png/008822?text=consectetur', 'oreilly.alyce@example.org', '2023-01-25 08:26:11', '$2y$10$2yUJx/Nw887pkglatbSAb.zIc.SKeHa5PedQGFK9piVLpPCbcFj8a', 'VsRKXVUYFB', '2023-01-25 08:26:18', '2023-01-25 08:26:18'),
(8, 'gbarrows', 'Roel Windler', 'https://via.placeholder.com/400x400.png/00eeaa?text=aut', 'ines79@example.org', '2023-01-25 08:26:11', '$2y$10$q1JS9G9EJuOotRWIIzpBs.qcoxU/ZxKD2DakaHkKkT4HHFHTKTlbu', 'PZ1D1nCJHt', '2023-01-25 08:26:18', '2023-01-25 08:26:18'),
(9, 'lawson06', 'Mack Ledner', 'https://via.placeholder.com/400x400.png/007755?text=saepe', 'mitchell.vickie@example.org', '2023-01-25 08:26:11', '$2y$10$6EuGsrs3eJWlJsB9Efh7s.brk89cqXxG7femZkyMxl/cDI54r7gA6', 'zKTeY9DyRd', '2023-01-25 08:26:18', '2023-01-25 08:26:18'),
(11, 'kilback.davon', 'Mrs. Shanel Hoppe V', 'https://via.placeholder.com/400x400.png/001188?text=dolores', 'freddie45@example.net', '2023-01-25 08:26:11', '$2y$10$7GMG6SMjzofbxTpztLTwZOc5eq9imQZuVtqupov6tGxQi57AOyLqG', 'ZgWDJ6aYW9', '2023-01-25 08:26:18', '2023-01-25 08:26:18'),
(12, 'marisa78', 'Dr. Winifred Swaniawski', 'https://via.placeholder.com/400x400.png/0022aa?text=commodi', 'ostracke@example.com', '2023-01-25 08:26:11', '$2y$10$NTpazZEHqRBkcxRzCglyXOqDAfo5yYZQTU.iNAHn00Ngc./.dlyZK', 'JP2u7S2sO1', '2023-01-25 08:26:18', '2023-01-25 08:26:18'),
(13, 'oschuppe', 'Oscar West', 'https://via.placeholder.com/400x400.png/0088dd?text=eveniet', 'alexie43@example.org', '2023-01-25 08:26:11', '$2y$10$mR///5jO635v3.pSubTuHe3kBUFl58Ll0WemVI9gWYa532CoEiIpm', '3ZoQ4iL4uo', '2023-01-25 08:26:18', '2023-01-25 08:26:18'),
(14, 'corene49', 'Victoria Schuster', 'https://via.placeholder.com/400x400.png/00dd11?text=porro', 'blanca.franecki@example.net', '2023-01-25 08:26:11', '$2y$10$aDy5TslQ8za512/cTnrA2.wndi0GM6gLPII2gKVaGjZuUZFGomrmC', 'WG3NqT8VAm', '2023-01-25 08:26:18', '2023-01-25 08:26:18'),
(15, 'kevin35', 'Loyal Nolan Jr.', 'https://via.placeholder.com/400x400.png/00aadd?text=delectus', 'bud.kris@example.com', '2023-01-25 08:26:11', '$2y$10$ldE5OejUN0cMHiVGIkkT5e7YTBQiXGE9M.NX.ykN2pyaljyZT5xxa', 'kXJrVepJ2s', '2023-01-25 08:26:18', '2023-01-25 08:26:18'),
(16, 'augusta.zemlak', 'Dr. Elisabeth Rosenbaum', 'https://via.placeholder.com/400x400.png/00dd88?text=et', 'nicole.heller@example.com', '2023-01-25 08:26:11', '$2y$10$9Z2xUZQ8Bzz.HXzTGUzHo.1WcAYh8gAsCN9iI8QLxQEWN5aBfLquS', 'ObQtgG3Xmx', '2023-01-25 08:26:18', '2023-01-25 08:26:18'),
(17, 'ldach', 'Jessie Pfeffer I', 'https://via.placeholder.com/400x400.png/004411?text=consequuntur', 'cronin.reece@example.com', '2023-01-25 08:26:12', '$2y$10$y/CP4vOJK0qU2Gta/IS36OfCAsxOLfLhGkIfJ1dTPRELg.k8jNJNy', '6K6XGaif6U', '2023-01-25 08:26:18', '2023-01-25 08:26:18'),
(18, 'yleffler', 'Dr. Mercedes Blanda', 'https://via.placeholder.com/400x400.png/008866?text=voluptas', 'palma91@example.com', '2023-01-25 08:26:12', '$2y$10$RdBgJM3f4sXq5RTqH8bokep1XwN4md6AEvRARI35ql0Fz94k4LxNm', 'CbMr393RXU', '2023-01-25 08:26:18', '2023-01-25 08:26:18'),
(19, 'little.branson', 'Antonia Senger', 'https://via.placeholder.com/400x400.png/00bb88?text=reprehenderit', 'hackett.chloe@example.org', '2023-01-25 08:26:12', '$2y$10$vjRbqU0/y/1.duOcDZN9S.DULIGjTLMrAwnQaMql7QNYRLodJHjt6', '00ZX1yk7X6', '2023-01-25 08:26:18', '2023-01-25 08:26:18'),
(20, 'dan65', 'Al Jast', 'https://via.placeholder.com/400x400.png/0022bb?text=voluptatem', 'oreichel@example.net', '2023-01-25 08:26:12', '$2y$10$oYy.uwzRGXb2LSymuMAi6uU3/3TKWDJPvGxk7ZguRyokghkh42USq', 'NSCisMb9ox', '2023-01-25 08:26:18', '2023-01-25 08:26:18'),
(21, 'kschulist', 'Lonny Robel', 'https://via.placeholder.com/400x400.png/007711?text=placeat', 'qmaggio@example.org', '2023-01-25 08:26:12', '$2y$10$L3K0o/Wz3bzQiHhkN9iZhOGnH8B6.ZIZ/U7x/JtsjNCLnF3KchgDy', 'BOwOp6jivL', '2023-01-25 08:26:18', '2023-01-25 08:26:18'),
(22, 'htillman', 'Leland Goldner', 'https://via.placeholder.com/400x400.png/0033dd?text=est', 'bode.delpha@example.net', '2023-01-25 08:26:12', '$2y$10$esZKfxDCAW3qaXxZCc8WnOxthm7pVGFDr/Ux5nmR/KPLZn2VLdm4q', 'KsbOdruNUR', '2023-01-25 08:26:18', '2023-01-25 08:26:18'),
(23, 'little.gilberto', 'Ambrose Orn', 'https://via.placeholder.com/400x400.png/006644?text=sit', 'qcasper@example.org', '2023-01-25 08:26:12', '$2y$10$olKVTp0JiAST6gvn4myTkuYk4MeYKR5LgeD6HRr10uVWh2Br5wLUO', 'dRCF9QW2xw', '2023-01-25 08:26:18', '2023-01-25 08:26:18'),
(24, 'art05', 'Lee McCullough', 'https://via.placeholder.com/400x400.png/00ffff?text=sit', 'alexane.doyle@example.org', '2023-01-25 08:26:12', '$2y$10$toOFYgkj8VkEl4I73COGbuID1i3hTZgECEJ60Et.jd/8da8tMKCva', 'MfaanLbowK', '2023-01-25 08:26:18', '2023-01-25 08:26:18'),
(25, 'nora.johnston', 'Deontae Considine', 'https://via.placeholder.com/400x400.png/0022cc?text=voluptas', 'romaguera.vernie@example.org', '2023-01-25 08:26:12', '$2y$10$DAwSPJN77F.Y3BFBKOdcHu2nbaLXiuP1ghoPImXyn1c/aezodN9zy', 'XI8unXHsMu', '2023-01-25 08:26:18', '2023-01-25 08:26:18'),
(26, 'abrakus', 'Titus Ziemann DVM', 'https://via.placeholder.com/400x400.png/00dd99?text=neque', 'derek.deckow@example.com', '2023-01-25 08:26:12', '$2y$10$pvsnZda5e.Tpm7mp2QQ1AONRojtlI15HLAUaDmYLsrj3RhIQw9K2C', 'rs0bhO3Ten', '2023-01-25 08:26:18', '2023-01-25 08:26:18'),
(27, 'everette87', 'Dr. Marcella Stehr III', 'https://via.placeholder.com/400x400.png/0022ee?text=omnis', 'egrant@example.com', '2023-01-25 08:26:12', '$2y$10$vkcNhb8Hap9bWWTLShR1TuVpYvspAkP/5zOniXFeekqDC2k91IkKm', 'LXh9kqPqHW', '2023-01-25 08:26:18', '2023-01-25 08:26:18'),
(28, 'ichristiansen', 'Lurline Boyer', 'https://via.placeholder.com/400x400.png/0099aa?text=cum', 'bulah.kreiger@example.org', '2023-01-25 08:26:12', '$2y$10$jeSAV/3Ml7fQ9AHyN0Vm7.l5h4wkxEUfNdPjiETFb2pMLRRx/0DAu', 'I69oWlllyc', '2023-01-25 08:26:18', '2023-01-25 08:26:18'),
(29, 'cyrus47', 'Alexandre Legros', 'https://via.placeholder.com/400x400.png/00aadd?text=aliquid', 'calista.welch@example.com', '2023-01-25 08:26:12', '$2y$10$HWsyjnL3nRR4Ngos/aHi.uqMMepdtTxedB74lWR0G4b7duFNbznDG', 't3dPqYLeS4', '2023-01-25 08:26:18', '2023-01-25 08:26:18'),
(30, 'deckow.peyton', 'Pablo Kuhlman PhD', 'https://via.placeholder.com/400x400.png/00eeff?text=ad', 'marcelino41@example.com', '2023-01-25 08:26:13', '$2y$10$ZED5O7jOMaPY/ye8JlHM6.XFKZoLPQSUQOJ5Ec1QzYKTKyNHI8JQC', 'bnNmnYCO8k', '2023-01-25 08:26:18', '2023-01-25 08:26:18'),
(31, 'ernestine.langosh', 'Dr. Stefanie Franecki DVM', 'https://via.placeholder.com/400x400.png/005544?text=assumenda', 'jerome74@example.org', '2023-01-25 08:26:13', '$2y$10$Nf9hXP6W7i4GQkOSyzZq2ergplklH2zX168AfB.bdxU5ZS8GSxWf6', 'xis2WOeBqQ', '2023-01-25 08:26:18', '2023-01-25 08:26:18'),
(32, 'ivory16', 'Miss Olga Pacocha DVM', 'https://via.placeholder.com/400x400.png/00cc66?text=magnam', 'reagan.stanton@example.com', '2023-01-25 08:26:13', '$2y$10$aEIelNEkNgUIHLoLG3toe.S35Z5gB3FUCpznOzwderdzpr69gKQRC', 'QnbZ2pBZks', '2023-01-25 08:26:18', '2023-01-25 08:26:18'),
(33, 'muhammad.reichert', 'Joaquin Gibson Jr.', 'https://via.placeholder.com/400x400.png/008833?text=tempora', 'may20@example.org', '2023-01-25 08:26:13', '$2y$10$PHKOCWTWwL2qWE72u7vI5OZYVYhPMM2CsPFBI8kbLTbvo1a9AOnum', 'Sz82ION5rR', '2023-01-25 08:26:18', '2023-01-25 08:26:18'),
(34, 'amitchell', 'Brando Kub', 'https://via.placeholder.com/400x400.png/00ccff?text=quidem', 'tyrel93@example.com', '2023-01-25 08:26:13', '$2y$10$2lgoAfQfOGREICqXyIiMW.HcWvXu.qs5pebwdC90dAuUxqCbqYVrC', 'cMqe1KOpdG', '2023-01-25 08:26:18', '2023-01-25 08:26:18'),
(35, 'wendy.dicki', 'Prof. Josefa Heaney Jr.', 'https://via.placeholder.com/400x400.png/00cc55?text=eos', 'waylon23@example.com', '2023-01-25 08:26:13', '$2y$10$tiyihvRoUNhYkagu54HxaORMRVaUM/9VRXk5WXKhn7Vb7VchZmymO', 'pzb5Nu44Je', '2023-01-25 08:26:18', '2023-01-25 08:26:18'),
(36, 'stark.wilburn', 'Dr. Edmond Bradtke II', 'https://via.placeholder.com/400x400.png/0088ee?text=exercitationem', 'kelvin94@example.org', '2023-01-25 08:26:13', '$2y$10$18BtwLN5zprA2ydwtyhPqeNCRZ.vdoZIogCZfZ6D70kYLVkB1kXsG', 'zfXKQu4qR3', '2023-01-25 08:26:18', '2023-01-25 08:26:18'),
(37, 'rsimonis', 'Rhett Rice', 'https://via.placeholder.com/400x400.png/00ff44?text=libero', 'fbartoletti@example.net', '2023-01-25 08:26:13', '$2y$10$twLf9d2Sela1xautFXI8Muvb6qo5E8vq482APgzr9w7coGHC055ry', 'lKIREG50z3', '2023-01-25 08:26:18', '2023-01-25 08:26:18'),
(38, 'clair67', 'Sonia Sanford Sr.', 'https://via.placeholder.com/400x400.png/00bb44?text=sit', 'coralie73@example.org', '2023-01-25 08:26:13', '$2y$10$S.skATbhE08vn14dIHSsTudblU.qqdV/YYBCb080vsaTEkohbM6im', 'S7pB6AjLV2', '2023-01-25 08:26:18', '2023-01-25 08:26:18'),
(39, 'lindgren.kathryn', 'Ms. Kellie Luettgen', 'https://via.placeholder.com/400x400.png/00dd11?text=qui', 'stark.abbey@example.org', '2023-01-25 08:26:13', '$2y$10$6cMB8c6jKvbLzOn65Y3NAOK8eEae19yOrTzyGf77A46HY4qHJCYQm', 'sL4JqBjfCp', '2023-01-25 08:26:18', '2023-01-25 08:26:18'),
(40, 'lillie.heller', 'Ms. Stephany Hudson', 'https://via.placeholder.com/400x400.png/000099?text=vel', 'hilbert18@example.org', '2023-01-25 08:26:13', '$2y$10$6M.DcUTtpthUtBtZM.Z4Ze4wukygLg/i8ruROsEIDXGGIGY60tXIK', '4YMpiPfyEF', '2023-01-25 08:26:18', '2023-01-25 08:26:18'),
(41, 'grimes.louvenia', 'Mrs. Emelie Kirlin', 'https://via.placeholder.com/400x400.png/00cc55?text=quia', 'grady.greta@example.com', '2023-01-25 08:26:13', '$2y$10$MAJb4nBRP4L/7mQ1g5zh3.nH6NinZWHRIOQQo68lkSwIETdDmgim2', 'F7yAEMQKFn', '2023-01-25 08:26:18', '2023-01-25 08:26:18'),
(42, 'rnolan', 'Aileen Hintz', 'https://via.placeholder.com/400x400.png/0099aa?text=id', 'padberg.emmanuelle@example.com', '2023-01-25 08:26:13', '$2y$10$1ZRqBp1uh4C.ECFI60FXRe1Hrx98yH7o3Fev5n/XLUfcGWkW6SDdm', 'nTw4Tx0q12', '2023-01-25 08:26:18', '2023-01-25 08:26:18'),
(43, 'edare', 'Stanley O\'Hara', 'https://via.placeholder.com/400x400.png/0033ff?text=voluptas', 'haag.gilbert@example.com', '2023-01-25 08:26:13', '$2y$10$hszmPXoM8bPbFeC6aaMZjuF9WenpHQRr6qmCy4zcTZCAtPZo34n6i', '3w7fMvlIhX', '2023-01-25 08:26:18', '2023-01-25 08:26:18'),
(44, 'hannah31', 'Hudson Johnston', 'https://via.placeholder.com/400x400.png/003366?text=dolore', 'goyette.santa@example.net', '2023-01-25 08:26:14', '$2y$10$1RAU3R5Er37Fxrc1hIIC0.2tnjK6zEOx6Rtu5hdXlnqnsIvBelNYu', 'ebDlIrRMms', '2023-01-25 08:26:18', '2023-01-25 08:26:18'),
(45, 'dicki.bill', 'Dr. Barbara Gislason', 'https://via.placeholder.com/400x400.png/009955?text=placeat', 'howard81@example.com', '2023-01-25 08:26:14', '$2y$10$teRn9RN4scmHfg1Gksj9pOzYZTJtb5CorkyQFm1sGBHCAw7AFzPeS', 'Yid84lPkOj', '2023-01-25 08:26:18', '2023-01-25 08:26:18'),
(46, 'pierre.feil', 'Hillard Kautzer MD', 'https://via.placeholder.com/400x400.png/00ee55?text=quia', 'cullen.runolfsson@example.org', '2023-01-25 08:26:14', '$2y$10$Q5jEv3dx96YCgr18uLA9P.3eHRskkKUh3NxTWcthZMV9bdadSNNuu', 'MNNKCbJS0O', '2023-01-25 08:26:18', '2023-01-25 08:26:18'),
(47, 'cielo08', 'Thaddeus Hirthe', 'https://via.placeholder.com/400x400.png/004411?text=vel', 'watson.deckow@example.org', '2023-01-25 08:26:14', '$2y$10$CCCQQW8.yz4O9dYwzzpKkuHe0NljVrAkmxwKNv4UIiewpy/n6dL0e', 'SDeP2g67SU', '2023-01-25 08:26:18', '2023-01-25 08:26:18'),
(48, 'winona39', 'Ellsworth Romaguera', 'https://via.placeholder.com/400x400.png/004499?text=esse', 'mhomenick@example.net', '2023-01-25 08:26:14', '$2y$10$Pz/mfU.G4otCe7RFsjCsLOHPEr/RBy9J3xhD3nyAkq6ZirMhmb.oa', 'gqYEdbcFow', '2023-01-25 08:26:18', '2023-01-25 08:26:18'),
(49, 'simonis.isabell', 'Mr. Kaley Rogahn', 'https://via.placeholder.com/400x400.png/0011ee?text=temporibus', 'betsy.bergstrom@example.com', '2023-01-25 08:26:14', '$2y$10$0AB5Q8dWNuqtQukqH5IMM.LLLtGLnZmrtdLxBUhfsadoH6MpZu4y2', 'BwNyHW59J1', '2023-01-25 08:26:18', '2023-01-25 08:26:18'),
(50, 'volkman.jonatan', 'Damian Mraz', 'https://via.placeholder.com/400x400.png/00aa66?text=molestias', 'parker.karli@example.net', '2023-01-25 08:26:14', '$2y$10$n24RjxWyjjo13IxI/cTuLONwRIdrTGfHsr5qcLo6U8o0Z4nZufBEq', 'qkgzavrPur', '2023-01-25 08:26:18', '2023-01-25 08:26:18'),
(51, 'dimitri49', 'Camron Zulauf', 'https://via.placeholder.com/400x400.png/004422?text=odio', 'tfadel@example.org', '2023-01-25 08:26:14', '$2y$10$88kCMoV5HxTfIyCFXI.ZE.nhXMNDrmvZ8WBzUcMvqblyS8.yPX3vi', 'oFFAl46ZF2', '2023-01-25 08:26:18', '2023-01-25 08:26:18'),
(52, 'retta.lesch', 'Newton Kirlin PhD', 'https://via.placeholder.com/400x400.png/0044aa?text=facilis', 'dickinson.haylie@example.com', '2023-01-25 08:26:14', '$2y$10$2Fu6NiSz7Lx4Fg6tMSmJROaoYY.q2sjH/TmqhvhzyrIG9wPbbebOq', '7Jbma8OOn9', '2023-01-25 08:26:18', '2023-01-25 08:26:18'),
(53, 'krystina.zemlak', 'Ms. Earnestine Kiehn IV', 'https://via.placeholder.com/400x400.png/006699?text=dolores', 'breana.kling@example.net', '2023-01-25 08:26:14', '$2y$10$mhqgbJodI86miBZ46/j23OcKpPSNVjeUzw0oM0IMd014JgqC688p2', 'LHi8IMs1Rs', '2023-01-25 08:26:18', '2023-01-25 08:26:18'),
(54, 'jordan.deckow', 'Lonzo Kunze', 'https://via.placeholder.com/400x400.png/00aa77?text=autem', 'carole.bechtelar@example.com', '2023-01-25 08:26:14', '$2y$10$VFOejRJxJV0BTu9/ySS7mOaNVsP5v8km/zfYMmKsbNX5UIVY18gbe', '03SdwUO9SX', '2023-01-25 08:26:18', '2023-01-25 08:26:18'),
(55, 'madie.bins', 'Luz Anderson', 'https://via.placeholder.com/400x400.png/007733?text=vel', 'tyler53@example.org', '2023-01-25 08:26:14', '$2y$10$opd4WSPvALTkHXshsmKZUubSJwZr..CTBOCKuT3GCkVOVFUe5ef3W', 'rmWyI3YPoG', '2023-01-25 08:26:18', '2023-01-25 08:26:18'),
(56, 'spencer.dixie', 'Susan Ledner', 'https://via.placeholder.com/400x400.png/00aaaa?text=ipsam', 'howard19@example.net', '2023-01-25 08:26:14', '$2y$10$Ar.4yJIiCBQ.csT20siRNOdg5DX3dC12r3pR5rQsYZnfwD1sNAIXe', 'ZH6CqGQ9yQ', '2023-01-25 08:26:18', '2023-01-25 08:26:18'),
(57, 'thad52', 'Clark Hermiston', 'https://via.placeholder.com/400x400.png/00ee66?text=suscipit', 'kulas.carolina@example.com', '2023-01-25 08:26:15', '$2y$10$dU1eMFOtnaByaeflFgCT3.XoqVx034rMYq8QAoSMmvfQpoGpZ0nnK', 'nkSpVBCeAi', '2023-01-25 08:26:18', '2023-01-25 08:26:18'),
(58, 'hudson06', 'Toby Williamson', 'https://via.placeholder.com/400x400.png/00bbdd?text=aperiam', 'jerrell35@example.com', '2023-01-25 08:26:15', '$2y$10$pGN1CJ5wKvFGwxQ6nOGmHuyoJKQzWDEoMymYoj9KvREMnLxWtCqL2', 'bRnSuoBijM', '2023-01-25 08:26:18', '2023-01-25 08:26:18'),
(59, 'wilderman.bridget', 'Prof. Dan Hand I', 'https://via.placeholder.com/400x400.png/001166?text=et', 'wyman.bechtelar@example.net', '2023-01-25 08:26:15', '$2y$10$ulsLV6xIatPLH8hyh.CxLundwEEkGh1dHMnOQ5VIuiG6GX4sHz3vy', 'KgoBZJsdHD', '2023-01-25 08:26:18', '2023-01-25 08:26:18'),
(60, 'dhomenick', 'Adella Bruen', 'https://via.placeholder.com/400x400.png/00ff44?text=temporibus', 'alejandra98@example.com', '2023-01-25 08:26:15', '$2y$10$8i.6./UxsrKTMPBvXkoWDe1gAEnRdazLRma8Yz6KtfxkTmfNN/VBG', '44hDFTsHZy', '2023-01-25 08:26:18', '2023-01-25 08:26:18'),
(61, 'creola68', 'Murphy Lowe IV', 'https://via.placeholder.com/400x400.png/00ee99?text=vel', 'xreynolds@example.com', '2023-01-25 08:26:15', '$2y$10$1izMSd5o21s9KdCylMeQN.FCkaoYGQ8pCDDggkqral.KhnDxRCr5C', 't845aQZpL4', '2023-01-25 08:26:18', '2023-01-25 08:26:18'),
(62, 'aracely.schinner', 'Molly Reichel DVM', 'https://via.placeholder.com/400x400.png/00cc44?text=hic', 'donnelly.jeffery@example.net', '2023-01-25 08:26:15', '$2y$10$bDs7PI5wHB/F6jiaJ36w.u8pDSGaPFap7DwOAqMBg5H3i4x7yZqSu', 'aQ2OBouCWh', '2023-01-25 08:26:18', '2023-01-25 08:26:18'),
(63, 'abner.bergnaum', 'Alejandrin Adams', 'https://via.placeholder.com/400x400.png/0022cc?text=quasi', 'mose09@example.net', '2023-01-25 08:26:15', '$2y$10$uwW50nfJzJAXd2huSF6lT.HvqBHlaj.RHhWPtLv.3xlgiigF0lW36', '0LGuvVbTx1', '2023-01-25 08:26:18', '2023-01-25 08:26:18'),
(64, 'syble16', 'Lottie Lehner', 'https://via.placeholder.com/400x400.png/007722?text=atque', 'iva.hermiston@example.com', '2023-01-25 08:26:15', '$2y$10$xCBJko/iYtwSJoV2XLmHYOpWSLsdDfZFKc3uH8tUGiUNxQRqs53Gq', 'Bc7BhIc981', '2023-01-25 08:26:18', '2023-01-25 08:26:18'),
(65, 'tyson.botsford', 'Ms. Tara Krajcik', 'https://via.placeholder.com/400x400.png/00ddee?text=eos', 'wprosacco@example.org', '2023-01-25 08:26:15', '$2y$10$deKQ09hta0.SEXJVKN.GX.7f2C7lt3x4jH0DNXAQumTkyMum/1ZjS', 'I0aHz3CdsL', '2023-01-25 08:26:18', '2023-01-25 08:26:18'),
(66, 'jazmyn81', 'Dixie Pfannerstill', 'https://via.placeholder.com/400x400.png/008822?text=quasi', 'coty11@example.net', '2023-01-25 08:26:15', '$2y$10$7AXrQwV4zRnFhiet6uN9Q.yUQrx9agj4CRlurJUTx.bQvzztr5zBa', 'IsH4L9XzSz', '2023-01-25 08:26:18', '2023-01-25 08:26:18'),
(67, 'ewillms', 'Mr. Stanley Keeling', 'https://via.placeholder.com/400x400.png/003322?text=sapiente', 'psmitham@example.net', '2023-01-25 08:26:15', '$2y$10$FYr/eRJWzE07WehJxlYq/uUstA7ngzvJG.bvgGW/e1JrxkXeX6Di2', 'pK0M7uG9sx', '2023-01-25 08:26:18', '2023-01-25 08:26:18'),
(68, 'blarkin', 'Dr. Reyna Bauch Sr.', 'https://via.placeholder.com/400x400.png/0099cc?text=eaque', 'ransom31@example.net', '2023-01-25 08:26:15', '$2y$10$NR3m8NMml0E1q8udDUsyG.gFVAbuHRaYV.SMwK75zd9GU9tPJrP4G', '6QjGfK1I2Z', '2023-01-25 08:26:18', '2023-01-25 08:26:18'),
(69, 'jcasper', 'Miss Clemmie Gutmann DVM', 'https://via.placeholder.com/400x400.png/0055bb?text=dolores', 'deborah.greenfelder@example.com', '2023-01-25 08:26:15', '$2y$10$nE07fgi0CQJnqfE3H9eAd.4QlULK/T9siIMnXvu5jYeJ9l2.tcgF2', '1HYgn9LgCr', '2023-01-25 08:26:18', '2023-01-25 08:26:18'),
(70, 'hayes.serenity', 'Mr. Jovani Maggio', 'https://via.placeholder.com/400x400.png/000022?text=qui', 'hailee.stokes@example.com', '2023-01-25 08:26:16', '$2y$10$F0sga6ttuB.iF5xdjCEmqOIv4ju3gtYEmS1Jzsu2MajCcOzlLy8Py', 'mrmyUWuPf5', '2023-01-25 08:26:18', '2023-01-25 08:26:18'),
(71, 'joannie15', 'Eldora Farrell', 'https://via.placeholder.com/400x400.png/0066dd?text=id', 'tavares65@example.org', '2023-01-25 08:26:16', '$2y$10$OXzL3U1RKnWx/wRT.90o/.GBePGhk8c1E3dy54T2udRT42iJnXiLK', 'UP4mXqSFzN', '2023-01-25 08:26:18', '2023-01-25 08:26:18'),
(72, 'onie.crist', 'Miss Maymie Heidenreich', 'https://via.placeholder.com/400x400.png/00aaee?text=tempore', 'krystel.medhurst@example.org', '2023-01-25 08:26:16', '$2y$10$2V.e5Y4wG0KPJ7SQtu458..INexYDfBp6fIoj9DgMXgXufBBYFG3e', 'x38974dJPi', '2023-01-25 08:26:18', '2023-01-25 08:26:18'),
(73, 'rebekah68', 'Leda Runolfsson', 'https://via.placeholder.com/400x400.png/0044ee?text=officiis', 'mitchell.maxie@example.net', '2023-01-25 08:26:16', '$2y$10$Zf2LlgrJ.6FJZ8iWhpakOuve9YKBDUSDUsp/krJlUzpfzBLYRwq2S', '0GNSyZ55f2', '2023-01-25 08:26:18', '2023-01-25 08:26:18'),
(74, 'yost.judy', 'Ebony Keebler', 'https://via.placeholder.com/400x400.png/00ddff?text=ad', 'declan26@example.org', '2023-01-25 08:26:16', '$2y$10$OCqRHEokzixOiz1WI2BrmOQ/L2DU81n3bVhlwQtGy8rdaAQNpMSfG', 'eBlh8aJ4be', '2023-01-25 08:26:18', '2023-01-25 08:26:18'),
(75, 'adah.conroy', 'Miss Fay Wintheiser', 'https://via.placeholder.com/400x400.png/00bb11?text=commodi', 'mgrady@example.org', '2023-01-25 08:26:16', '$2y$10$C6AcSPwvfG.w97B03.iY6O7WCMvZRopEHTjj0g3Lnze7.hXBtv6ZS', 'n4mEBaprSt', '2023-01-25 08:26:18', '2023-01-25 08:26:18'),
(76, 'bfunk', 'Lysanne Zboncak', 'https://via.placeholder.com/400x400.png/000044?text=quasi', 'olga.considine@example.org', '2023-01-25 08:26:16', '$2y$10$cu0kvrad7irAGrmI3Fqw8uW7Uo6dtdaOaIaRWVgnBKdKsmApIl3s6', '1zZZvGt1NM', '2023-01-25 08:26:18', '2023-01-25 08:26:18'),
(77, 'skiles.adaline', 'Candace Goyette', 'https://via.placeholder.com/400x400.png/009988?text=harum', 'steuber.albin@example.net', '2023-01-25 08:26:16', '$2y$10$D0D2eDbFkLjRk2gyQ0v43uOYKkdDvT/iugq2WL5lrwPNjkwr1hjD.', 'lmeLLTIYtW', '2023-01-25 08:26:18', '2023-01-25 08:26:18'),
(78, 'alexanne.frami', 'Mr. Davin Grady V', 'https://via.placeholder.com/400x400.png/007722?text=molestiae', 'giovanna.connelly@example.com', '2023-01-25 08:26:16', '$2y$10$UwAibJ3i3aJ6gFRC5OmT0.NuQfNvn4fYOxQ946/ypLNVJOHvGtYJO', 'PkodvzTNyK', '2023-01-25 08:26:18', '2023-01-25 08:26:18'),
(79, 'fatima43', 'Vena Olson', 'https://via.placeholder.com/400x400.png/00ddaa?text=quaerat', 'pierce16@example.org', '2023-01-25 08:26:16', '$2y$10$Uo1VlMXnNQgSmK7B9SQiv.n.ff6OxaOmGNt1gvnI7AF.4gJsdAczi', 'LentEWDuNU', '2023-01-25 08:26:18', '2023-01-25 08:26:18'),
(80, 'lauriane60', 'Dr. Nathen Willms', 'https://via.placeholder.com/400x400.png/00cc77?text=voluptatum', 'cade38@example.org', '2023-01-25 08:26:16', '$2y$10$.cWP4E2Ld4rHJYqs0CNwBepzeU1ojaf/YJbyAdorBDlynKKdGrqJ.', 'oLFKrmahrL', '2023-01-25 08:26:18', '2023-01-25 08:26:18'),
(81, 'hoconner', 'Cayla Schroeder', 'https://via.placeholder.com/400x400.png/009999?text=consectetur', 'pacocha.maeve@example.org', '2023-01-25 08:26:16', '$2y$10$1NeGP7I6dTzq/FSUBYZkVOrJkz6Ql3ph8WzZSGPJr9TiVWbaGnS7W', 'trJEEE1KLu', '2023-01-25 08:26:18', '2023-01-25 08:26:18'),
(82, 'barrett.barrows', 'Mrs. Tessie Boyle II', 'https://via.placeholder.com/400x400.png/0044ff?text=sint', 'elenora.rodriguez@example.com', '2023-01-25 08:26:16', '$2y$10$AqxDXqd8IuZDSGl5FFgDxeMrkxx.w75LdA0rUIY.H88siV4Z.rQLu', 'Dl4JRcl65k', '2023-01-25 08:26:18', '2023-01-25 08:26:18'),
(83, 'bdamore', 'Conor Nienow', 'https://via.placeholder.com/400x400.png/007766?text=repudiandae', 'runolfsson.robin@example.org', '2023-01-25 08:26:16', '$2y$10$YZ2Pj48Euf6tGtn6TLgdM.8VMTJNgF0Y47QmHMzekJhCcdZpg4bjC', 'trKa8xNtWq', '2023-01-25 08:26:18', '2023-01-25 08:26:18'),
(84, 'walker.ima', 'Dr. Micaela Wunsch', 'https://via.placeholder.com/400x400.png/0022aa?text=sunt', 'ondricka.sidney@example.org', '2023-01-25 08:26:17', '$2y$10$cF.pL.le4pveOo3sQBoh/exKucwbG.jBSlcmGLl1NswDcj40YLOkC', 'VEUwvicMkR', '2023-01-25 08:26:18', '2023-01-25 08:26:18'),
(85, 'dorothea.sporer', 'Miss Sincere Morissette', 'https://via.placeholder.com/400x400.png/005599?text=et', 'wolff.rigoberto@example.net', '2023-01-25 08:26:17', '$2y$10$/hArF.Xyz3S5zxx1/MCt7OjerKida6vqIiTLBJqB/6Y2IJ9.TB23G', '4aA12OlA4D', '2023-01-25 08:26:18', '2023-01-25 08:26:18'),
(86, 'hagenes.cheyanne', 'Kendall Renner', 'https://via.placeholder.com/400x400.png/00ffcc?text=natus', 'christ.hauck@example.org', '2023-01-25 08:26:17', '$2y$10$Pi4BU8Jg1TZB3lz6ZwccBeloxcRYJK0zuRF483gkg52X7Px5mCKzC', 'zcaP14CKUS', '2023-01-25 08:26:18', '2023-01-25 08:26:18'),
(87, 'duane.weissnat', 'Ray Kutch MD', 'https://via.placeholder.com/400x400.png/003399?text=qui', 'morissette.deonte@example.org', '2023-01-25 08:26:17', '$2y$10$fX6MDxOxvHy6irjpjZI9DOwZCB00WHR2WZGz0btLivyUzMohmmtPG', 'i6otG4KHnX', '2023-01-25 08:26:18', '2023-01-25 08:26:18'),
(88, 'leta70', 'Mr. Jamey Satterfield Jr.', 'https://via.placeholder.com/400x400.png/00ff00?text=omnis', 'bhuels@example.com', '2023-01-25 08:26:17', '$2y$10$BkLp80oikPhQsnYpnsnk/.41zhUdn1p3856UbfN4w7p.XclpPCccu', 'VylTts3wQT', '2023-01-25 08:26:18', '2023-01-25 08:26:18'),
(89, 'conrad.howe', 'Chyna Leffler PhD', 'https://via.placeholder.com/400x400.png/00ee66?text=reprehenderit', 'nicolas.marjolaine@example.org', '2023-01-25 08:26:17', '$2y$10$wE6ZA0pnmmtqxMXzV3jIhevN.fzWNeOVN7OtilXyi0wYDl7YRwfc6', 'WB5slIx6qC', '2023-01-25 08:26:18', '2023-01-25 08:26:18'),
(90, 'ebba49', 'Dahlia Hirthe', 'https://via.placeholder.com/400x400.png/0000aa?text=magnam', 'merle18@example.org', '2023-01-25 08:26:17', '$2y$10$owU/lrE9M.nuylg.FZ1ZoukJo78J1/gaQipsGt8U7PLKD/JXobAjC', 'nKFnGBk6op', '2023-01-25 08:26:18', '2023-01-25 08:26:18'),
(91, 'rice.boyd', 'Miss Estella Towne', 'https://via.placeholder.com/400x400.png/006600?text=illo', 'lester.reynolds@example.com', '2023-01-25 08:26:17', '$2y$10$E93IxUzf4r2HHYUdSht/KeS7gNNzB/3dmNWH6EyVQ1GuXceuNlcWq', 'yXCE4rb21H', '2023-01-25 08:26:18', '2023-01-25 08:26:18'),
(92, 'wmohr', 'Lawrence Jenkins', 'https://via.placeholder.com/400x400.png/007755?text=perspiciatis', 'sschultz@example.org', '2023-01-25 08:26:17', '$2y$10$2qRM/td2meY7L0x3E2MObOs6nx4LZ0x1G3Z/xzxsOhVhR.C6WQG0e', 'FFcR8OU7CY', '2023-01-25 08:26:18', '2023-01-25 08:26:18'),
(93, 'douglas.abbigail', 'Dr. Johnny Cartwright II', 'https://via.placeholder.com/400x400.png/00bbcc?text=aperiam', 'leuschke.donato@example.net', '2023-01-25 08:26:17', '$2y$10$oBsSoUOIw0qwjq5UoZOfv.uVQXz0HdBLDMVj52r3I0RpGOnHXEXFi', 'GYYK3dl0TP', '2023-01-25 08:26:18', '2023-01-25 08:26:18'),
(94, 'lynch.toni', 'Gideon Kautzer', 'https://via.placeholder.com/400x400.png/0066ee?text=ut', 'tschuster@example.net', '2023-01-25 08:26:17', '$2y$10$kt4MaE6MbP7xmyUEQ6A2TurKylbchBwoGqYotx8Cs9MXEtl8PmOja', '1LBqMTIWba', '2023-01-25 08:26:18', '2023-01-25 08:26:18'),
(95, 'darwin60', 'Prof. Mavis Heathcote V', 'https://via.placeholder.com/400x400.png/006688?text=ipsam', 'mohammad.connelly@example.org', '2023-01-25 08:26:17', '$2y$10$Oq0hWf2v1niXvtZlnPfPCO5mGW9RjqhYLZ9ZTjNv8LDZOCtEa0uei', '3QjN7EEYSD', '2023-01-25 08:26:18', '2023-01-25 08:26:18'),
(96, 'dare.shany', 'Ms. Brenna Beahan I', 'https://via.placeholder.com/400x400.png/00bb33?text=dolorum', 'rosemarie28@example.org', '2023-01-25 08:26:17', '$2y$10$Rn2ZQT3Dp4F8QRcnCHx51uQlBIAKaZwCPthbTYuOyihhAKk4LCXY6', 'OIo4VTocCw', '2023-01-25 08:26:18', '2023-01-25 08:26:18'),
(97, 'lyda37', 'Lois Sanford', 'https://via.placeholder.com/400x400.png/004433?text=nihil', 'schinner.katelynn@example.org', '2023-01-25 08:26:18', '$2y$10$Hq62s.davH45VkRVqiKRmei47uTvw6h8.0xDW2Tyr/yAfnQ8n9UcW', 'KILMkyQc18', '2023-01-25 08:26:18', '2023-01-25 08:26:18'),
(98, 'vickie65', 'Carole Cummings', 'https://via.placeholder.com/400x400.png/00bb44?text=doloremque', 'adrain.zboncak@example.net', '2023-01-25 08:26:18', '$2y$10$a3GSaVYLrR8qxxpeN7TxJu.2Fqz0JWn7vsYP3hr.DRuPjOw/Ijgna', 'ybMq6cBw7t', '2023-01-25 08:26:18', '2023-01-25 08:26:18'),
(99, 'easton.rodriguez', 'Libbie Konopelski', 'https://via.placeholder.com/400x400.png/008888?text=accusantium', 'howell.pamela@example.net', '2023-01-25 08:26:18', '$2y$10$F01n.n62C42HHyaMAdN1YOolWV7OtAoj8SqAuVzVkrw5Kfa3a2Q9i', 'GfOEpOyV47', '2023-01-25 08:26:18', '2023-01-25 08:26:18'),
(100, 'tremblay.laverne', 'Allen Powlowski DDS', 'https://via.placeholder.com/400x400.png/0066dd?text=doloremque', 'shermann@example.org', '2023-01-25 08:26:18', '$2y$10$L/Vv30sJYDHVzN4IChNPR.pA7eEy/VL/O7zdHtpoIWogah.1QeZFW', 'PkqsMFIHzQ', '2023-01-25 08:26:18', '2023-01-25 08:26:18'),
(101, 'volkman.kaylee', 'Sabina Cassin', 'https://via.placeholder.com/400x400.png/0011aa?text=assumenda', 'johanna.parisian@example.org', '2023-01-25 08:26:18', '$2y$10$3xDoYACx1GT9kKPqpzalN.DiLQRCFT2kusYEWVMC/Ja7zTRLFBVCe', 'SAlpi3Ply0', '2023-01-25 08:26:18', '2023-01-25 08:26:18'),
(102, 'dupton', 'Abdullah Medhurst', 'https://via.placeholder.com/400x400.png/0044aa?text=delectus', 'witting.ally@example.org', '2023-01-25 08:26:18', '$2y$10$EGS74.ab.SvXgLOGcz9k3.8QihmZW5S2fENlq6T8xN0ULgoy64M2O', 'z54S7WaL2u', '2023-01-25 08:26:18', '2023-01-25 08:26:18'),
(103, 'olowe', 'Miss Aliyah Klein', 'https://via.placeholder.com/400x400.png/000022?text=commodi', 'claire24@example.net', '2023-01-25 08:26:18', '$2y$10$d6WHhAxXhF7Yc7iitgCj3ecR6j7gJImIHEPjEm9o0OVv6j9Cw.PRO', 'pmKCppLhas', '2023-01-25 08:26:18', '2023-01-25 08:26:18'),
(104, 'egutkowski', 'Mrs. Gloria Gusikowski III', 'https://via.placeholder.com/400x400.png/002244?text=nihil', 'thelma.moore@example.org', '2023-01-25 08:26:18', '$2y$10$fwDHHMsE8n8rj8v/G4PS/un.LMvSVbWUBjwypPy7u52FVaStt93ee', '194Am9c0JG', '2023-01-25 08:26:18', '2023-01-25 08:26:18'),
(105, 'tblanda', 'Rhea Dickens', 'https://via.placeholder.com/400x400.png/00aaaa?text=est', 'jaylen66@example.net', '2023-01-25 08:26:18', '$2y$10$fEiW7MsynC8unRUFH0LGde/b4h3DDhMzXipdXMwrbkrR1mlshbveK', 'DNusrVaf91', '2023-01-25 08:26:19', '2023-01-25 08:26:19'),
(106, 'skylar.braun', 'Garnett Bartell MD', 'https://via.placeholder.com/400x400.png/00ee77?text=nisi', 'obosco@example.com', '2023-01-25 08:26:19', '$2y$10$qzkV/Uk1KHRIIZuEkLHMR.wjFTB.YiDh24aa8Xq70c3.TgiU.0FD.', 'q8AGV9rJpw', '2023-01-25 08:26:19', '2023-01-25 08:26:19'),
(107, 'swift.ethyl', 'Rick Collins', 'https://via.placeholder.com/400x400.png/009966?text=dolorem', 'tondricka@example.com', '2023-01-25 08:26:19', '$2y$10$narLl8epKebf0c2uPl470OyXelnu/zQxxu56YyaggPGhHBbDqlDqO', 'U1yaaiqX1N', '2023-01-25 08:26:19', '2023-01-25 08:26:19'),
(108, 'ullrich.dewayne', 'Prof. Kelsie Moore', 'https://via.placeholder.com/400x400.png/00ee77?text=ad', 'kurtis.wehner@example.com', '2023-01-25 08:26:19', '$2y$10$UsTjhG6pfmZUQCuoZkOv2.YMn.52sdUZQYuQOixHHYlGAFCqj9gzS', 'JBaUUXWJi4', '2023-01-25 08:26:19', '2023-01-25 08:26:19'),
(109, 'dickens.forrest', 'Prof. Jason Rogahn', 'https://via.placeholder.com/400x400.png/006622?text=numquam', 'tony30@example.com', '2023-01-25 08:26:19', '$2y$10$d5yr3.Q5UpWP2DDNqNxnguW37kkZcENdcHd0kKIUpglh9b4ZfQA6e', 'f3ONcOwBe0', '2023-01-25 08:26:19', '2023-01-25 08:26:19'),
(110, 'donavon89', 'Ervin O\'Hara', 'https://via.placeholder.com/400x400.png/00aa22?text=officiis', 'serena.bins@example.com', '2023-01-25 08:26:19', '$2y$10$Uc5JkOC0JdXOymRbXcvbFu/I95zY.q1HakvQ0Eul.4N3mc1gybAEy', 'WPZ1zdHmkA', '2023-01-25 08:26:19', '2023-01-25 08:26:19'),
(111, 'spinka.jarod', 'Augusta Bashirian', 'https://via.placeholder.com/400x400.png/00ddee?text=voluptas', 'von.terrell@example.net', '2023-01-25 08:26:19', '$2y$10$6bRLwDDbI/BaUTc26/79s.DHvCKLMpwnK9TJkNLE3VHeoP9MiU2u2', '0LGII5CZgx', '2023-01-25 08:26:19', '2023-01-25 08:26:19'),
(112, 'aschoen', 'Mrs. Adah Lehner V', 'https://via.placeholder.com/400x400.png/006666?text=velit', 'aryanna76@example.org', '2023-01-25 08:26:19', '$2y$10$tK5roKeZ2eNrSlXJX.QsR.SSXnc1nxwd3GwoEsmarJtEH2EBVDbSW', 'gIeh2bSmop', '2023-01-25 08:26:19', '2023-01-25 08:26:19'),
(113, 'merle96', 'Evie Crist', 'https://via.placeholder.com/400x400.png/00ff66?text=soluta', 'eduardo.considine@example.org', '2023-01-25 08:26:19', '$2y$10$us1AQoteV/XiFehNWYntbucL9PngP3GkmUcWSRjg4LKpFqE7An.Ie', 'TqVOBNuJ8B', '2023-01-25 08:26:19', '2023-01-25 08:26:19'),
(114, 'kailee.brown', 'Henriette Kuvalis Jr.', 'https://via.placeholder.com/400x400.png/00aa66?text=delectus', 'kade67@example.net', '2023-01-25 08:26:19', '$2y$10$QZh.FZSK9TnzHZjjF3O34.03VElg.h2dEyAXooiZSjCWAayMZBIMS', 'H05blAb7LA', '2023-01-25 08:26:19', '2023-01-25 08:26:19'),
(115, 'augustus.sporer', 'Vena Upton', 'https://via.placeholder.com/400x400.png/00ccaa?text=molestiae', 'frippin@example.org', '2023-01-25 08:26:19', '$2y$10$y9TpM0r.u55T6GADPfnYAOrYNN0/m5Zqx9GVgGyZDAuC0nOOEkmI6', 'uJjvvHdz0E', '2023-01-25 08:26:19', '2023-01-25 08:26:19'),
(116, 'stanton.osbaldo', 'Henderson Altenwerth', 'https://via.placeholder.com/400x400.png/002288?text=officiis', 'clehner@example.net', '2023-01-25 08:26:19', '$2y$10$NXXqmCJm.HS5DErgRfYKpOSJfjvFri3P1k5u8RGyqzgOFpdfOU90.', 'WBrUMeQOBp', '2023-01-25 08:26:20', '2023-01-25 08:26:20'),
(117, 'ycollins', 'Alexys Hermiston', 'https://via.placeholder.com/400x400.png/0077aa?text=animi', 'floyd65@example.net', '2023-01-25 08:26:20', '$2y$10$9JftAGUZyYHGJ4lhMIvEMeRvEmVNgLKXYHCxqjV8x6lshAAN4zZhS', 'gWR4tvbEQd', '2023-01-25 08:26:20', '2023-01-25 08:26:20'),
(118, 'wilderman.sasha', 'Tressie Boyer PhD', 'https://via.placeholder.com/400x400.png/00bb00?text=corporis', 'daron.yost@example.net', '2023-01-25 08:26:20', '$2y$10$OyOtWGmR9eAKI4h8XMfvneZR6Dl0E0gfov8.IGmv5Vd59iMKqNVTC', 'gPPW3m8Su8', '2023-01-25 08:26:20', '2023-01-25 08:26:20'),
(119, 'salma.krajcik', 'Cecile Stracke', 'https://via.placeholder.com/400x400.png/009988?text=illum', 'abelardo53@example.org', '2023-01-25 08:26:20', '$2y$10$MqrO4iDYs/k3uCJvCAE9h.IyRCjQvHnSrdGpVCJePtKCj2puqgj3O', '9tgSclZom1', '2023-01-25 08:26:20', '2023-01-25 08:26:20'),
(120, 'jlarkin', 'Casimir Spinka', 'https://via.placeholder.com/400x400.png/009988?text=ducimus', 'wilson.schowalter@example.net', '2023-01-25 08:26:20', '$2y$10$AjNc4dp4K4dfHF1oLA1UeeBcDbQBVF55T/XR9NQKCZmu7XKvVVlVy', 'KAq4oYXNQz', '2023-01-25 08:26:20', '2023-01-25 08:26:20'),
(121, 'labadie.alfred', 'Rosendo Spencer DVM', 'https://via.placeholder.com/400x400.png/00aa11?text=quia', 'nayeli30@example.net', '2023-01-25 08:26:20', '$2y$10$U/3cHNI2TZ4LHGJm0B85VOOCIvtazdxbMKmMyEX85b5YSjqh0gYPi', 'uyejFpCW3Y', '2023-01-25 08:26:20', '2023-01-25 08:26:20'),
(122, 'eleazar.kunde', 'Mr. Darryl Bernier MD', 'https://via.placeholder.com/400x400.png/001199?text=vero', 'bryana.toy@example.com', '2023-01-25 08:26:20', '$2y$10$uGy/krgq6dpHz1skQLazYO3vRoohlh8a8CBtzPGyZpvUJvuUwpyJK', 'jiKsGB5REq', '2023-01-25 08:26:20', '2023-01-25 08:26:20'),
(123, 'wilkinson.minnie', 'Roberta Luettgen', 'https://via.placeholder.com/400x400.png/003388?text=possimus', 'connelly.rachel@example.net', '2023-01-25 08:26:20', '$2y$10$QnURbafBcsvvOZsTTJrXBeyLVInMK6kngdSGUU7cw/0kBYtByG7yq', '8izJ2XSurl', '2023-01-25 08:26:20', '2023-01-25 08:26:20'),
(124, 'winnifred.lesch', 'Karli Wiegand', 'https://via.placeholder.com/400x400.png/003366?text=amet', 'adele.murray@example.org', '2023-01-25 08:26:20', '$2y$10$EQr3CcJUcl.CmKxkkhw2bOaozbm9o.5H57LToDSP7EqYOfz13UVpK', 'EbWGne5SIT', '2023-01-25 08:26:20', '2023-01-25 08:26:20'),
(125, 'ppadberg', 'Vicente Rau', 'https://via.placeholder.com/400x400.png/005511?text=aperiam', 'edythe.gutmann@example.org', '2023-01-25 08:26:20', '$2y$10$yDcAYblJHdnGkr2fGNlAeewpMlOMpVyFPpFpMOkbZfiaO6/Y9ZJqq', 'nedEg2nEPZ', '2023-01-25 08:26:20', '2023-01-25 08:26:20'),
(126, 'gust.watsica', 'Wyman Rutherford', 'https://via.placeholder.com/400x400.png/002233?text=at', 'marisol.bechtelar@example.net', '2023-01-25 08:26:20', '$2y$10$19/9yl2PLtlk5IDf5SZAyOmHUtgTfhznIBeaQI3eQG1K8QFQ3U24u', 'qVuCfejpyD', '2023-01-25 08:26:20', '2023-01-25 08:26:20'),
(127, 'hudson.erica', 'Mireya Schneider', 'https://via.placeholder.com/400x400.png/003311?text=similique', 'chris91@example.org', '2023-01-25 08:26:20', '$2y$10$Cm12Yw1MWNbZ3bosylEwreTlYg6k7ay3vunMg4QV8vmmR0N/.S4m6', 'HjRjZe8GEZ', '2023-01-25 08:26:20', '2023-01-25 08:26:20'),
(128, 'jeffry.mcclure', 'Sim Langosh', 'https://via.placeholder.com/400x400.png/0033aa?text=maiores', 'nova49@example.org', '2023-01-25 08:26:20', '$2y$10$cUYalKpsoydW7v.ch7ooOeiYqyPAEF4q89Eff.2Q.gQxSimYu9.K.', '1YZMkXuNEN', '2023-01-25 08:26:21', '2023-01-25 08:26:21'),
(129, 'estell41', 'Prof. Aurelie Wunsch PhD', 'https://via.placeholder.com/400x400.png/0088aa?text=totam', 'vern47@example.org', '2023-01-25 08:26:21', '$2y$10$YNM0CdQRX5dDVskKzjmTB.cPCb16vKaY3rpeY6sxjbFeDYkMlsHAu', 'sDAhEPwx2y', '2023-01-25 08:26:21', '2023-01-25 08:26:21'),
(130, 'zackery33', 'Julien Cummerata', 'https://via.placeholder.com/400x400.png/0077ff?text=architecto', 'ipadberg@example.net', '2023-01-25 08:26:21', '$2y$10$UJwXD8rmA078UnDUOgDcsuWdwvvCdHanx0ZOFUGh20ZNxD/rTwSai', 'NQ3g3oYxcA', '2023-01-25 08:26:21', '2023-01-25 08:26:21'),
(131, 'oschamberger', 'Miss Myrtis Schmidt DDS', 'https://via.placeholder.com/400x400.png/0044cc?text=quis', 'bridget21@example.net', '2023-01-25 08:26:21', '$2y$10$F3dAQUqrT/Y0YefLCDsExOBxw1OqiocX1zFO/MYV0MFawiB6vY/Ui', 'J7xl0lyRiW', '2023-01-25 08:26:21', '2023-01-25 08:26:21'),
(132, 'qbreitenberg', 'Miss Violette Lang DVM', 'https://via.placeholder.com/400x400.png/00aa88?text=qui', 'percival76@example.net', '2023-01-25 08:26:21', '$2y$10$A6npfIrgC7eJ0FBytGwu1uuReT.dN10gr00sxSD5E8a9kmG0Ht842', 'fpnDt8gwkI', '2023-01-25 08:26:21', '2023-01-25 08:26:21'),
(133, 'maria.pfeffer', 'Mr. Nestor Grady Sr.', 'https://via.placeholder.com/400x400.png/00dd33?text=qui', 'kaela02@example.net', '2023-01-25 08:26:21', '$2y$10$8jwat6luNpwiAaBbfdxr2OWF22UFh./4JPq68mauwrOkiHXklRiCu', 'R30z2zL4Sm', '2023-01-25 08:26:21', '2023-01-25 08:26:21'),
(134, 'fabian66', 'Prof. Louvenia Will', 'https://via.placeholder.com/400x400.png/00ee88?text=eum', 'felipa41@example.com', '2023-01-25 08:26:21', '$2y$10$qaVfJDE1YxZSHKN5pEoTV./pJ3Oyq8SfrsPy598Rbbdq1orSTpHTm', '0iaCiiiz8R', '2023-01-25 08:26:21', '2023-01-25 08:26:21'),
(135, 'kuphal.brionna', 'Preston Conn II', 'https://via.placeholder.com/400x400.png/00dd44?text=perferendis', 'johnson34@example.com', '2023-01-25 08:26:21', '$2y$10$t5xAd53L0MGbG5Pina2Og.HDFx0iezVWqHDg12Qk4wEMdALJcv0KO', '3488ghlkUW', '2023-01-25 08:26:21', '2023-01-25 08:26:21'),
(136, 'kay96', 'Richmond Stanton', 'https://via.placeholder.com/400x400.png/00aabb?text=laboriosam', 'reuben12@example.net', '2023-01-25 08:26:21', '$2y$10$TOsB3oH0RBxZmM28.GdxB.xx/vStg510476XEAWCHdsnAZVdekY1C', 'F9WeBPi1WN', '2023-01-25 08:26:21', '2023-01-25 08:26:21'),
(137, 'korbin.hessel', 'Shanel Braun', 'https://via.placeholder.com/400x400.png/0011dd?text=delectus', 'jeanie.hane@example.net', '2023-01-25 08:26:21', '$2y$10$CT1NyS0He7xRpDGNgVk1/Oe10T52xxWC48E2SON4xiUxSg.meyZ7m', 'zamXHXk2yX', '2023-01-25 08:26:21', '2023-01-25 08:26:21'),
(138, 'mkuhlman', 'Mallie Kuhn V', 'https://via.placeholder.com/400x400.png/00ccff?text=quisquam', 'ckuphal@example.net', '2023-01-25 08:26:21', '$2y$10$e1U3uee799uy2jHP.M7HLO0m4MkSH9QrliXANXDKQ6PM5yjFV8nZa', 'fTWfLEUTFI', '2023-01-25 08:26:21', '2023-01-25 08:26:21'),
(139, 'schuster.trever', 'Neil McDermott', 'https://via.placeholder.com/400x400.png/0066ee?text=dolor', 'hauck.elvera@example.org', '2023-01-25 08:26:21', '$2y$10$oGHVgLrZgSbPOw0m/QlrV.xfQrp0v5YV7Qan0e524zwmJ8CWCKlwW', 'erPuWeO1aD', '2023-01-25 08:26:21', '2023-01-25 08:26:21'),
(140, 'hreynolds', 'Mr. Wilford Wunsch MD', 'https://via.placeholder.com/400x400.png/001199?text=iusto', 'zmccullough@example.org', '2023-01-25 08:26:21', '$2y$10$DTkNDvjg3SIhLgxAGKwX5.qWlr86CcrWITPSuL3PozNq.NqVCnkva', 'Jt9fwRGDSL', '2023-01-25 08:26:22', '2023-01-25 08:26:22'),
(141, 'mclaughlin.loyce', 'Dr. Jacklyn Feeney III', 'https://via.placeholder.com/400x400.png/004499?text=vitae', 'vpagac@example.org', '2023-01-25 08:26:22', '$2y$10$dRTDNOdOuUjmma49CN1uNeMqVltQXUAd9uwA2mIJ66q6Sw0SzwvOi', '8pUv9AdkWV', '2023-01-25 08:26:22', '2023-01-25 08:26:22'),
(142, 'makenzie72', 'Eulalia Boyle', 'https://via.placeholder.com/400x400.png/006600?text=nesciunt', 'roel.rodriguez@example.net', '2023-01-25 08:26:22', '$2y$10$.A0TVcN/ULEqLne1t.sUVe8doD8H4Sv62hnouhXG5d6HoYqa12/tC', 'r75kZnORNH', '2023-01-25 08:26:22', '2023-01-25 08:26:22'),
(143, 'gloria44', 'Mireya Hettinger', 'https://via.placeholder.com/400x400.png/0099aa?text=dolores', 'berniece.kuphal@example.net', '2023-01-25 08:26:22', '$2y$10$5LBl.J9Q4xO0bU8nraqLGOYrbh/r0o6pFJGCSRX/tFODs5ON4AZJG', 'ZZ6G25WIyY', '2023-01-25 08:26:22', '2023-01-25 08:26:22'),
(144, 'akuhlman', 'Yasmine Marvin', 'https://via.placeholder.com/400x400.png/0022cc?text=amet', 'heaven.kuhn@example.com', '2023-01-25 08:26:22', '$2y$10$k1r5YtNZXCvyF8jKDtKgT.q.Cq03P4PExMZt1ssHPRzDGT9luQyUq', '2YlH6cSQrb', '2023-01-25 08:26:22', '2023-01-25 08:26:22'),
(145, 'zcorwin', 'Mathias Glover', 'https://via.placeholder.com/400x400.png/002211?text=qui', 'ywilderman@example.org', '2023-01-25 08:26:22', '$2y$10$V15othI2ckoOqzwU77Jsdu9ZkQ71NVPQhN2zXRhd.36C5DRNc.lKe', '9j0ZGyeGUe', '2023-01-25 08:26:22', '2023-01-25 08:26:22'),
(146, 'stehr.trinity', 'Johathan Anderson', 'https://via.placeholder.com/400x400.png/0011bb?text=quis', 'pagac.freida@example.com', '2023-01-25 08:26:22', '$2y$10$/TO.NL9tuQjuwnRqivD.w.AAtyl1g6A.HU7.BpLk7mPisrl04ptAu', 'AOOpPcBdAA', '2023-01-25 08:26:22', '2023-01-25 08:26:22'),
(147, 'ylueilwitz', 'Rebecca Gulgowski', 'https://via.placeholder.com/400x400.png/00aaaa?text=nesciunt', 'jesse.botsford@example.com', '2023-01-25 08:26:22', '$2y$10$Q2Ps/r1dmyhxj7dCRFwvAeuzEKTKcIH0U5i.KcaTRJeiKBHmit1Vy', '4jFPlNx5qL', '2023-01-25 08:26:22', '2023-01-25 08:26:22'),
(148, 'federico.strosin', 'Rex Nicolas', 'https://via.placeholder.com/400x400.png/00ddcc?text=cum', 'marilyne33@example.net', '2023-01-25 08:26:22', '$2y$10$GoY.Y5guvock/M3FaNOo7ep13sxFJ.NzKW4A4JVQnoSVEQSw24aXW', 'zqhGCCO55S', '2023-01-25 08:26:22', '2023-01-25 08:26:22'),
(149, 'wunsch.rocio', 'Mr. Blair Gutkowski', 'https://via.placeholder.com/400x400.png/0033ee?text=consequatur', 'cbalistreri@example.org', '2023-01-25 08:26:22', '$2y$10$wsDJn0i8hRCpG9kPMFAuFue8qgEhQ5mqMKqzAZ/tzhjWUcb6uy4eW', '4AHmzYMQnP', '2023-01-25 08:26:22', '2023-01-25 08:26:22'),
(150, 'twaelchi', 'Brian Collins', 'https://via.placeholder.com/400x400.png/001155?text=dolores', 'beth65@example.org', '2023-01-25 08:26:22', '$2y$10$7PrYNbKNxBwju4AcSMS6JeSBHxnYPTgsHyB1dytfbVFjWl9H6T5Gu', 'HoKDoH7wuK', '2023-01-25 08:26:22', '2023-01-25 08:26:22'),
(151, 'mohr.roxane', 'Miles Bednar DVM', 'https://via.placeholder.com/400x400.png/006633?text=aut', 'alysson.beer@example.org', '2023-01-25 08:26:22', '$2y$10$DV1MmNkOUNPITmwIQURBieGDH1o72TUf6V0gPPmqN8qvnwAGfEcqi', 's9L4rXhZ2a', '2023-01-25 08:26:22', '2023-01-25 08:26:22'),
(152, 'herman.demond', 'Dr. Lance Dicki', 'https://via.placeholder.com/400x400.png/000077?text=aspernatur', 'rath.alyson@example.net', '2023-01-25 08:26:22', '$2y$10$xzXm4T25RA54jqme2cLrGO6ZvkX88RWSikWj8Wz76bvvWIognwmxa', 'sMlqDEgFTX', '2023-01-25 08:26:23', '2023-01-25 08:26:23'),
(153, 'obahringer', 'Eleanore Vandervort', 'https://via.placeholder.com/400x400.png/00ee88?text=et', 'pollich.melvina@example.org', '2023-01-25 08:26:23', '$2y$10$QXOjPvPNKQz3g5UvO/CdpOmBieuMRKDXx5jzeBuzq5iQ3Y2ZbugEu', 'gIJje1TD8a', '2023-01-25 08:26:23', '2023-01-25 08:26:23'),
(154, 'gerardo53', 'Tania Schamberger', 'https://via.placeholder.com/400x400.png/006644?text=sint', 'dhomenick@example.net', '2023-01-25 08:26:23', '$2y$10$wrENtrPMlloRUQACn5DccuzG.3fc1M19JHgSusuJJOFI6ETBqUKW2', 'hgDWHqYZia', '2023-01-25 08:26:23', '2023-01-25 08:26:23'),
(155, 'mckayla.padberg', 'Miss Clotilde Kilback', 'https://via.placeholder.com/400x400.png/007766?text=sit', 'hfeeney@example.org', '2023-01-25 08:26:23', '$2y$10$L0EUVbMgINITM/KghGKHQufCfCNHMTIYI7d6xGxLCpTrkjuSEG23G', '4WLVCHgehv', '2023-01-25 08:26:23', '2023-01-25 08:26:23'),
(156, 'pernser', 'Deontae Waters', 'https://via.placeholder.com/400x400.png/004477?text=ut', 'zackery.toy@example.org', '2023-01-25 08:26:23', '$2y$10$ccDJcoAgwajtedOaMEUDH.Sg3iAJ01EdKft8JeVSEm0xJgEKeF9Fe', 'JAy1q70dgn', '2023-01-25 08:26:23', '2023-01-25 08:26:23'),
(157, 'rick.botsford', 'Jazlyn Nader IV', 'https://via.placeholder.com/400x400.png/009999?text=facere', 'bode.hailie@example.org', '2023-01-25 08:26:23', '$2y$10$cBSO/oX0//gbPeQ4GNAVG.JVVRLAkQZw7i9Z/iEI17lSTc03cos6a', 'L9hgiQHJnR', '2023-01-25 08:26:23', '2023-01-25 08:26:23'),
(158, 'nicolas.jadyn', 'Ms. Margie Kuhic DVM', 'https://via.placeholder.com/400x400.png/0000ff?text=minima', 'retha.grady@example.org', '2023-01-25 08:26:23', '$2y$10$baOVNsX2RfTrBJ9xhNpo1Oplo6DvhxndSaOlAzEPNAVtYR9TLikdK', '6A3tXujemp', '2023-01-25 08:26:23', '2023-01-25 08:26:23'),
(159, 'braulio99', 'Adela Rempel', 'https://via.placeholder.com/400x400.png/00bbcc?text=aliquid', 'alexane98@example.net', '2023-01-25 08:26:23', '$2y$10$ZfYJuHcriwEAOwG.UDHwG./oRbJxclvNI5MYrHmcojWmOSKjFkvpi', 'L0Dpaku3gs', '2023-01-25 08:26:23', '2023-01-25 08:26:23'),
(160, 'harber.destiny', 'Jett Kemmer', 'https://via.placeholder.com/400x400.png/004433?text=provident', 'schroeder.allie@example.net', '2023-01-25 08:26:23', '$2y$10$YONm46uCOL0PjD9QkC4rQ.IL0RKTc84uqr/0KuFiEfgb7vxo96/a.', 'bmXfexJprS', '2023-01-25 08:26:23', '2023-01-25 08:26:23'),
(161, 'pstark', 'Mr. Maxime Braun', 'https://via.placeholder.com/400x400.png/001122?text=harum', 'kurtis95@example.org', '2023-01-25 08:26:23', '$2y$10$edL.vJmJRO4UFnvqLVpmGuN2rKoGaTls2Q8mqV0KrF56.Zu.aXVY.', '5Cp9LgWFO6', '2023-01-25 08:26:23', '2023-01-25 08:26:23'),
(162, 'jayme.quitzon', 'Riley Hintz', 'https://via.placeholder.com/400x400.png/005588?text=dolorem', 'nigel.nicolas@example.net', '2023-01-25 08:26:23', '$2y$10$sRTcazpu8NTbdTfRx6qkQ.vuII6pfP.xQkrB/zwSvaBILJByLvu8u', 'Q20rhqqXzv', '2023-01-25 08:26:23', '2023-01-25 08:26:23'),
(163, 'metz.jarrod', 'Tate Harvey', 'https://via.placeholder.com/400x400.png/006622?text=unde', 'xlegros@example.net', '2023-01-25 08:26:23', '$2y$10$2U8t5.fDBStPkNrEo1IF3eZ1i1EO/YcX1NGbHIb6lfRak.AAxske.', 'Oy9a18eDvd', '2023-01-25 08:26:23', '2023-01-25 08:26:23'),
(164, 'rogahn.florida', 'Gerald Brown', 'https://via.placeholder.com/400x400.png/0099cc?text=rerum', 'faye.gottlieb@example.org', '2023-01-25 08:26:23', '$2y$10$geM2ocsejZO3QAYdnrjSFeGCOXN.vNepDCVXxvfVZhuAdZn/H0kzi', '3D7pukarPu', '2023-01-25 08:26:24', '2023-01-25 08:26:24'),
(165, 'klein.benton', 'Yolanda Moore', 'https://via.placeholder.com/400x400.png/0088dd?text=porro', 'daphney.fisher@example.org', '2023-01-25 08:26:24', '$2y$10$Jx3X3S78p/w4vVlbsymsf.qbh2.zmxccyZOXIguq5cRpNfrWwRlNG', 'CpuCAXu0v2', '2023-01-25 08:26:24', '2023-01-25 08:26:24'),
(166, 'maurine38', 'Braden Robel', 'https://via.placeholder.com/400x400.png/00aaee?text=ut', 'leo03@example.com', '2023-01-25 08:26:24', '$2y$10$LmhIuaHtRxMOoEhuUufPveoWEiYScI9aUuGu4fm9u9f8X2QVV5XIm', 'XghdM0jntk', '2023-01-25 08:26:24', '2023-01-25 08:26:24'),
(167, 'mayert.bethany', 'Litzy Gottlieb', 'https://via.placeholder.com/400x400.png/00ee00?text=ullam', 'champlin.leon@example.com', '2023-01-25 08:26:24', '$2y$10$4YO7Gzf1q8/2eMW9XRE4cO.5arco3jFlSAd6c0nRZPdTvfJgBt5oe', 'L0wQVqfzed', '2023-01-25 08:26:24', '2023-01-25 08:26:24'),
(168, 'ifeil', 'Edmond Ullrich II', 'https://via.placeholder.com/400x400.png/0000cc?text=aut', 'wmann@example.com', '2023-01-25 08:26:24', '$2y$10$7Ue5gZ.GQCMt96/y4EiS6.JCm2XT6cJYJ93wdiS7bcgrNEjRYCsA6', 'NQDHcatEmR', '2023-01-25 08:26:24', '2023-01-25 08:26:24'),
(169, 'reilly.alexzander', 'Matteo Parisian', 'https://via.placeholder.com/400x400.png/00eeee?text=est', 'kdubuque@example.net', '2023-01-25 08:26:24', '$2y$10$UkL2uE3UBxd7xnJ.L0SDTu3Ifwz7FYc1Qz3hyJf2RqkxDb8RAORnm', 'mmGifMH0Id', '2023-01-25 08:26:24', '2023-01-25 08:26:24'),
(170, 'tkuhic', 'Ms. Elisa Quitzon', 'https://via.placeholder.com/400x400.png/0033dd?text=vero', 'hermann.julianne@example.net', '2023-01-25 08:26:24', '$2y$10$JUUP8y9OqKqx1GLtoZstY.eehB9t38QTMkC.3T8q1jOLb0HU4c68G', 'MKgVI8KYmA', '2023-01-25 08:26:24', '2023-01-25 08:26:24'),
(171, 'ndaugherty', 'Joanne Collins', 'https://via.placeholder.com/400x400.png/00cccc?text=laborum', 'zschuppe@example.net', '2023-01-25 08:26:24', '$2y$10$6WIoObSE.cljEq2jz1VdpOndmOkF7bjvGp0tEl9lJHSWtQKT3.ahy', 'twqtsftc5o', '2023-01-25 08:26:24', '2023-01-25 08:26:24'),
(172, 'jay.leffler', 'Susan Lehner', 'https://via.placeholder.com/400x400.png/00dd22?text=sed', 'mmorissette@example.net', '2023-01-25 08:26:24', '$2y$10$QmHUBvE6HMf6HRVHrHJRQOo5CX/rgMkmbM9cnJxHLzIbb2kSoPF0e', 'T3oUguH3FW', '2023-01-25 08:26:24', '2023-01-25 08:26:24'),
(173, 'angel49', 'Francisco Ratke', 'https://via.placeholder.com/400x400.png/002288?text=id', 'dbernier@example.com', '2023-01-25 08:26:24', '$2y$10$8lGIE2iBJEYNSf82/mMxEexVPrbpOWtP7/Oats3ci9u.icsBUD9MG', 'IXbdlKM4Q1', '2023-01-25 08:26:24', '2023-01-25 08:26:24'),
(174, 'liana.wuckert', 'Keegan Dare', 'https://via.placeholder.com/400x400.png/001122?text=hic', 'hyatt.shemar@example.com', '2023-01-25 08:26:24', '$2y$10$4ZjlT9vLIwkNMfBUDDgWGOp3dsh3w4LbBn4o29brQN7QSAokmQnVu', 'GGhaTUnRxG', '2023-01-25 08:26:24', '2023-01-25 08:26:24'),
(175, 'rusty.bruen', 'Bell Homenick', 'https://via.placeholder.com/400x400.png/00cc77?text=ut', 'petra.west@example.net', '2023-01-25 08:26:24', '$2y$10$Ve2USQzXZKjhLeDhT1twAuoKp/Vi/ncn9JA.v5.8Gzci7GlJi24TS', 'qK6cEkvaHD', '2023-01-25 08:26:24', '2023-01-25 08:26:24'),
(176, 'upton.brady', 'Josie Bartoletti', 'https://via.placeholder.com/400x400.png/00bb44?text=reprehenderit', 'romaguera.edyth@example.org', '2023-01-25 08:26:24', '$2y$10$OAkGWS4/l1yXfxKKsTZ3zOJ7xKbpGCyPmSpLfaRY8oIBtNqiFrmsm', 'HGPcM2q2jE', '2023-01-25 08:26:25', '2023-01-25 08:26:25'),
(177, 'arthur.heaney', 'Cecelia Bednar', 'https://via.placeholder.com/400x400.png/003399?text=ut', 'lorena.pacocha@example.net', '2023-01-25 08:26:25', '$2y$10$/WWjkpCoj5K8fumzeBhhzusPjOSDJd4hbs0shls0HEDAvI2GhaTCG', 'F7kvYGVW7o', '2023-01-25 08:26:25', '2023-01-25 08:26:25'),
(178, 'ykuvalis', 'Prof. Omer Hill', 'https://via.placeholder.com/400x400.png/00dd88?text=dolores', 'frederick57@example.org', '2023-01-25 08:26:25', '$2y$10$StDTfGUAHBxwKpU6XcrtWesCtvU5pDutwNo79BO/.nz1Diguc7a1G', 'QFbZZcHEyK', '2023-01-25 08:26:25', '2023-01-25 08:26:25'),
(179, 'ashlee.armstrong', 'Madelyn Oberbrunner', 'https://via.placeholder.com/400x400.png/0088dd?text=accusantium', 'grippin@example.net', '2023-01-25 08:26:25', '$2y$10$edKuOvcaZM.1.nISOBi4keHLm89hgIPmFtbFbS5BvjzBp1wCRasJq', 'klPFu3TMRy', '2023-01-25 08:26:25', '2023-01-25 08:26:25'),
(180, 'zbraun', 'Dr. Lou Cartwright', 'https://via.placeholder.com/400x400.png/0055bb?text=natus', 'richard.dare@example.net', '2023-01-25 08:26:25', '$2y$10$/nE7PHjmzkgAKw8l6klK2.AML6JPioQddHLAd6WxJT99U8dWsszda', 'AtYulp5ajZ', '2023-01-25 08:26:25', '2023-01-25 08:26:25'),
(181, 'barney68', 'Augustus Kertzmann', 'https://via.placeholder.com/400x400.png/00ff22?text=totam', 'nikolaus.jesus@example.net', '2023-01-25 08:26:25', '$2y$10$vkqv92OZj5/xNLWSyUS22eVpSdFFpEH77fCxbLVuqESrKxQICtM8a', 'dlyeIHkaDf', '2023-01-25 08:26:25', '2023-01-25 08:26:25'),
(182, 'xstoltenberg', 'Dr. Elwin Harris', 'https://via.placeholder.com/400x400.png/00ee44?text=aut', 'marcelino33@example.net', '2023-01-25 08:26:25', '$2y$10$NeRPFUSga5ia/iHdAgG.l.LQlWjEkRAQvGiM8ARm7nDDumBOcrYnG', 'daT7tKkggJ', '2023-01-25 08:26:25', '2023-01-25 08:26:25');
INSERT INTO `users` (`id`, `username`, `name`, `avatar`, `email`, `email_verified_at`, `password`, `remember_token`, `created_at`, `updated_at`) VALUES
(183, 'kub.kay', 'Shayne Bogan', 'https://via.placeholder.com/400x400.png/00ffcc?text=consequatur', 'herman.terrell@example.net', '2023-01-25 08:26:25', '$2y$10$ToO2LyLDA5HRddybb1EROOQ2uV1gLyqPSKohyLx./o/Y35AHHBpUW', 'OeYNFisIDH', '2023-01-25 08:26:25', '2023-01-25 08:26:25'),
(184, 'bauch.alia', 'Dr. Daija Koepp', 'https://via.placeholder.com/400x400.png/009911?text=quisquam', 'devante35@example.com', '2023-01-25 08:26:25', '$2y$10$t/hixSgPL/F1C4VKRlktoe7Zmsvc13ZzCgy2fIWLXNVgz/L12ftGm', 'PtnxEKYLZ7', '2023-01-25 08:26:25', '2023-01-25 08:26:25'),
(185, 'john.torphy', 'Bernadine Mante', 'https://via.placeholder.com/400x400.png/00aa55?text=non', 'anna69@example.com', '2023-01-25 08:26:25', '$2y$10$WgKuG/bX3i61VYWALuyEC.5H85Jr48ly6REklXDz942LUEOjfrKKy', 'ZrmbjCGidf', '2023-01-25 08:26:25', '2023-01-25 08:26:25'),
(186, 'aniya94', 'Omer Langworth DDS', 'https://via.placeholder.com/400x400.png/0055bb?text=reprehenderit', 'howard.walter@example.com', '2023-01-25 08:26:25', '$2y$10$VP5R/J9TOqdLFhTQo6pt1OmRZBVTL6TRmIv7csXltNbgSwMrEoNpS', 'Vc0sa5KGIu', '2023-01-25 08:26:25', '2023-01-25 08:26:25'),
(187, 'modesta67', 'Prof. Ethyl Greenfelder', 'https://via.placeholder.com/400x400.png/00aa11?text=quia', 'april90@example.org', '2023-01-25 08:26:25', '$2y$10$upLwWfjjRwGL5gaN5zm/.OgWpJ159XHrA5/MhQf2wMIdIT5LG432m', 'yMJBK6yJxy', '2023-01-25 08:26:26', '2023-01-25 08:26:26'),
(188, 'jordi.sawayn', 'Miss Heather Cummings Sr.', 'https://via.placeholder.com/400x400.png/00bbee?text=cupiditate', 'watsica.addie@example.org', '2023-01-25 08:26:26', '$2y$10$h8fl6iFQtnJqV4xc/oPDaul28zksIo6B/e7tb5zhZzmPyvZgCmCQa', 'EUfwfHeFRR', '2023-01-25 08:26:26', '2023-01-25 08:26:26'),
(189, 'wendy.douglas', 'Deron Mertz', 'https://via.placeholder.com/400x400.png/0066dd?text=eos', 'rmiller@example.net', '2023-01-25 08:26:26', '$2y$10$HZLOMYjczH2MO0oxesSsAOpsJDnsxlkkdAkc88peYLihVQHpF0SVq', 'n4EQIaI9Bc', '2023-01-25 08:26:26', '2023-01-25 08:26:26'),
(190, 'izabella27', 'Dr. Johnathan Rodriguez Sr.', 'https://via.placeholder.com/400x400.png/009933?text=quia', 'bechtelar.lacey@example.org', '2023-01-25 08:26:26', '$2y$10$KSFyyhBvFWkj8MJcEnkFH.eTe2CMEekml93n07QGd4maLA2DbDhr.', 'wWXXpm2mMv', '2023-01-25 08:26:26', '2023-01-25 08:26:26'),
(191, 'murazik.alphonso', 'Vince Collier V', 'https://via.placeholder.com/400x400.png/003399?text=ex', 'natalia.hilpert@example.com', '2023-01-25 08:26:26', '$2y$10$M.AMTgG4TUZDNxDdqgm17eCaXFtLH7IMsvbmjHA2MraDLhCpbTtMa', 'tBPlpV4fWQ', '2023-01-25 08:26:26', '2023-01-25 08:26:26'),
(192, 'hlesch', 'Anita Pacocha', 'https://via.placeholder.com/400x400.png/00ddcc?text=necessitatibus', 'jamie.fisher@example.net', '2023-01-25 08:26:26', '$2y$10$fawrnQ32XlVr02JlRV6sg.gjIqF54eS0TUDdEZUAkAscO0YJab2WC', 'wvPGBubB6E', '2023-01-25 08:26:26', '2023-01-25 08:26:26'),
(193, 'johns.cleve', 'Doyle Jones', 'https://via.placeholder.com/400x400.png/00bb77?text=suscipit', 'oheidenreich@example.com', '2023-01-25 08:26:26', '$2y$10$hlrwF3xzWwV3Ptzx3FAij.RLwfLwKYo3vtQaMOUU58Refp16GE9Ly', 'T1z3XnLygP', '2023-01-25 08:26:26', '2023-01-25 08:26:26'),
(194, 'scottie26', 'Prof. Akeem Skiles DDS', 'https://via.placeholder.com/400x400.png/00bb77?text=soluta', 'zking@example.com', '2023-01-25 08:26:26', '$2y$10$.BPiV3xGkkgbJh7MPSDIROGS5CgBqKGSpK0ogZXGzis6VmHzkji7u', 'uUVmCjFoQQ', '2023-01-25 08:26:26', '2023-01-25 08:26:26'),
(195, 'gkihn', 'Marcus Stark', 'https://via.placeholder.com/400x400.png/006699?text=eos', 'evalyn.walker@example.net', '2023-01-25 08:26:26', '$2y$10$CAuMzcjPO7RRpAft9OMjP.osLtNj/oUa2gsXRTldj22WxykLdIW82', '5cYfWnHRzq', '2023-01-25 08:26:26', '2023-01-25 08:26:26'),
(196, 'jordi42', 'Prof. Nigel Ondricka', 'https://via.placeholder.com/400x400.png/00bb11?text=excepturi', 'bromaguera@example.net', '2023-01-25 08:26:26', '$2y$10$43A5wb724K07Bn2BcKK0Uu/gqi1xG9MNOEEf86NIgU4rcKFeMizdm', 'QNieLKMGLQ', '2023-01-25 08:26:26', '2023-01-25 08:26:26'),
(197, 'llangworth', 'Priscilla Heller', 'https://via.placeholder.com/400x400.png/002244?text=dignissimos', 'tiana72@example.com', '2023-01-25 08:26:26', '$2y$10$XuVnRPh71HjUByroq9ckAue/eHpm4F0PkXSwsVekc30YJCxbgvlQO', '9KWgnowF17', '2023-01-25 08:26:26', '2023-01-25 08:26:26'),
(198, 'quinten00', 'Cleta Nienow MD', 'https://via.placeholder.com/400x400.png/00dddd?text=illo', 'veronica.turcotte@example.net', '2023-01-25 08:26:26', '$2y$10$UxToUUPa6xUzsMkETp7YVuF4LDUV39Zl.gp7umhUeeD6OzRF882Qe', 'mvXoMgqDwn', '2023-01-25 08:26:26', '2023-01-25 08:26:26'),
(199, 'grant.lois', 'Shanelle Williamson', 'https://via.placeholder.com/400x400.png/000044?text=non', 'zhuels@example.com', '2023-01-25 08:26:26', '$2y$10$O5QJbxdqp0X3ByDjTXWkau8q1zb1AJnzgCbAdh/YBba0uepeNct5G', 'JB5SnyJaRg', '2023-01-25 08:26:27', '2023-01-25 08:26:27'),
(204, 'Akshay8511', 'Akshay soni', 'images/Mp56nbG1cfRjbNnR1Fra5HTEdAYEG5JPgsC88q0p.png', 'akshay8511@gmail.com', NULL, '$2y$10$j5zEUI0jqmwsXN1ssneMke5CtNltTjR5ehTv.e5rahFmXQK4QnXqS', NULL, '2023-01-27 05:49:59', '2023-01-27 09:12:11');

--
-- Indexes for dumped tables
--

--
-- Indexes for table `failed_jobs`
--
ALTER TABLE `failed_jobs`
  ADD PRIMARY KEY (`id`);

--
-- Indexes for table `migrations`
--
ALTER TABLE `migrations`
  ADD PRIMARY KEY (`id`);

--
-- Indexes for table `password_resets`
--
ALTER TABLE `password_resets`
  ADD KEY `password_resets_email_index` (`email`);

--
-- Indexes for table `permissions`
--
ALTER TABLE `permissions`
  ADD PRIMARY KEY (`id`),
  ADD UNIQUE KEY `permissions_name_unique` (`name`),
  ADD UNIQUE KEY `permissions_slug_unique` (`slug`);

--
-- Indexes for table `permission_role`
--
ALTER TABLE `permission_role`
  ADD PRIMARY KEY (`permission_id`,`role_id`),
  ADD KEY `permission_role_role_id_foreign` (`role_id`);

--
-- Indexes for table `permission_user`
--
ALTER TABLE `permission_user`
  ADD PRIMARY KEY (`user_id`,`permission_id`),
  ADD KEY `permission_user_permission_id_foreign` (`permission_id`);

--
-- Indexes for table `posts`
--
ALTER TABLE `posts`
  ADD PRIMARY KEY (`id`),
  ADD KEY `posts_user_id_foreign` (`user_id`);

--
-- Indexes for table `roles`
--
ALTER TABLE `roles`
  ADD PRIMARY KEY (`id`),
  ADD UNIQUE KEY `roles_name_unique` (`name`),
  ADD UNIQUE KEY `roles_slug_unique` (`slug`);

--
-- Indexes for table `role_user`
--
ALTER TABLE `role_user`
  ADD PRIMARY KEY (`user_id`,`role_id`),
  ADD KEY `role_user_role_id_foreign` (`role_id`);

--
-- Indexes for table `users`
--
ALTER TABLE `users`
  ADD PRIMARY KEY (`id`),
  ADD UNIQUE KEY `users_username_unique` (`username`),
  ADD UNIQUE KEY `users_email_unique` (`email`);

--
-- AUTO_INCREMENT for dumped tables
--

--
-- AUTO_INCREMENT for table `failed_jobs`
--
ALTER TABLE `failed_jobs`
  MODIFY `id` bigint UNSIGNED NOT NULL AUTO_INCREMENT;

--
-- AUTO_INCREMENT for table `migrations`
--
ALTER TABLE `migrations`
  MODIFY `id` int UNSIGNED NOT NULL AUTO_INCREMENT, AUTO_INCREMENT=55;

--
-- AUTO_INCREMENT for table `permissions`
--
ALTER TABLE `permissions`
  MODIFY `id` bigint UNSIGNED NOT NULL AUTO_INCREMENT, AUTO_INCREMENT=3;

--
-- AUTO_INCREMENT for table `posts`
--
ALTER TABLE `posts`
  MODIFY `id` bigint UNSIGNED NOT NULL AUTO_INCREMENT, AUTO_INCREMENT=102;

--
-- AUTO_INCREMENT for table `roles`
--
ALTER TABLE `roles`
  MODIFY `id` bigint UNSIGNED NOT NULL AUTO_INCREMENT, AUTO_INCREMENT=26;

--
-- AUTO_INCREMENT for table `users`
--
ALTER TABLE `users`
  MODIFY `id` bigint UNSIGNED NOT NULL AUTO_INCREMENT, AUTO_INCREMENT=205;

--
-- Constraints for dumped tables
--

--
-- Constraints for table `permission_role`
--
ALTER TABLE `permission_role`
  ADD CONSTRAINT `permission_role_permission_id_foreign` FOREIGN KEY (`permission_id`) REFERENCES `permissions` (`id`) ON DELETE CASCADE,
  ADD CONSTRAINT `permission_role_role_id_foreign` FOREIGN KEY (`role_id`) REFERENCES `roles` (`id`) ON DELETE CASCADE;

--
-- Constraints for table `permission_user`
--
ALTER TABLE `permission_user`
  ADD CONSTRAINT `permission_user_permission_id_foreign` FOREIGN KEY (`permission_id`) REFERENCES `permissions` (`id`) ON DELETE CASCADE,
  ADD CONSTRAINT `permission_user_user_id_foreign` FOREIGN KEY (`user_id`) REFERENCES `users` (`id`) ON DELETE CASCADE;

--
-- Constraints for table `posts`
--
ALTER TABLE `posts`
  ADD CONSTRAINT `posts_user_id_foreign` FOREIGN KEY (`user_id`) REFERENCES `users` (`id`) ON DELETE CASCADE;

--
-- Constraints for table `role_user`
--
ALTER TABLE `role_user`
  ADD CONSTRAINT `role_user_role_id_foreign` FOREIGN KEY (`role_id`) REFERENCES `roles` (`id`) ON DELETE CASCADE,
  ADD CONSTRAINT `role_user_user_id_foreign` FOREIGN KEY (`user_id`) REFERENCES `users` (`id`) ON DELETE CASCADE;
COMMIT;

/*!40101 SET CHARACTER_SET_CLIENT=@OLD_CHARACTER_SET_CLIENT */;
/*!40101 SET CHARACTER_SET_RESULTS=@OLD_CHARACTER_SET_RESULTS */;
/*!40101 SET COLLATION_CONNECTION=@OLD_COLLATION_CONNECTION */;
